INSERT INTO Users
VALUES 
(1,'Ben'),
(2,'Smith'),
(3,'Anna'),
(4,'John'),
(5,'Kathy'),
(6,'Jack'),
(7,'Tom'),
(8,'Amy'),
(9,'Lisa'),
(10,'Tim'),
(11,'Lee'),
(12,'Kate'),
(13,'Fred'),
(14,'Zoey'),
(15,'Annie'),
(16,'User 16'),
(17,'User 17'),
(18,'User 18'),
(19,'User 19'),
(20,'User 20'),
(21,'User 21'),
(22,'User 22'),
(23,'User 23'),
(24,'User 24'),
(25,'User 25'),
(26,'User 26'),
(27,'User 27'),
(28,'User 28'),
(29,'User 29'),
(30,'User 30'),
(31,'User 31'),
(32,'User 32'),
(33,'User 33'),
(34,'User 34'),
(35,'User 35'),
(36,'User 36'),
(37,'User 37'),
(38,'User 38'),
(39,'User 39'),
(40,'User 40'),
(41,'User 41'),
(42,'User 42'),
(43,'User 43'),
(44,'User 44'),
(45,'User 45'),
(46,'User 46'),
(47,'User 47'),
(48,'User 48'),
(49,'User 49'),
(50,'User 50'),
(51,'User 51'),
(52,'User 52'),
(53,'User 53'),
(54,'User 54'),
(55,'User 55'),
(56,'User 56'),
(57,'User 57'),
(58,'User 58'),
(59,'User 59'),
(60,'User 60'),
(61,'User 61'),
(62,'User 62'),
(63,'User 63'),
(64,'User 64'),
(65,'User 65'),
(66,'User 66'),
(67,'User 67'),
(68,'User 68'),
(69,'User 69'),
(70,'User 70'),
(71,'User 71'),
(72,'User 72'),
(73,'User 73'),
(74,'User 74'),
(75,'User 75'),
(76,'User 76'),
(77,'User 77'),
(78,'User 78'),
(79,'User 79'),
(80,'User 80'),
(81,'User 81'),
(82,'User 82'),
(83,'User 83'),
(84,'User 84'),
(85,'User 85'),
(86,'User 86'),
(87,'User 87'),
(88,'User 88'),
(89,'User 89'),
(90,'User 90'),
(91,'User 91'),
(92,'User 92'),
(93,'User 93'),
(94,'User 94'),
(95,'User 95'),
(96,'User 96'),
(97,'User 97'),
(98,'User 98'),
(99,'User 99'),
(100,'User 100'),
(101,'User 101'),
(102,'User 102');

INSERT INTO Orders
VALUES
(1,'Jurong East',1),(2,'Marina Bay',4),(3,'Lakeside',2),(4,'Jurong West',3),
(5,'marina Bay',4),(6,'Lakeside',6),(7,'Jurong East',1),(8,'Boon Lay',1),
(9,'Newton',7),(10,'Chinatown',9),(11,'Red Hill',11),(12,'Jurong West',14),
(13,'Chinese Garden',10),(14,'Jurong East',13),(15,'Pioneer',15),(16,'Queenstown',8),
(17,'Chinatown',1),(18,'AMK',2),(19,'YCK',3),(20,'YCK',4),(21,'Changi',5),(22,'Chinatown',6),
(23,'Queenstown',7),(24,'Changi',8),(25,'YCK',9),(26,'Changi',10),(27,'Lakeside',11),(28,'CCK',12),
(29,'Pioneer',13),(30,'CCK',14),(31,'Bedok',15),(32,'Jurong East',16),(33,'Changi',17),(34,'Newton',18),
(35,'Pioneer',19),(36,'Bedok',20),(37,'AMK',21),(38,'Bedok',22),(39,'Jurong East',23),(40,'Changi',24),
(41,'Jurong East',25),(42,'CCK',26),(43,'Pasir Ris',27),(44,'Pioneer',28),(45,'Jurong West',29),
(46,'Newton',30),(47,'AMK',31),(48,'Changi',32),(49,'Marina Bay',33),(50,'Marina Bay',34),(51,'CCK',35),
(52,'Jurong East',36),(53,'Marina Bay',37),(54,'Red Hill',38),(55,'Jurong East',39),(56,'Newton',40),
(57,'Pioneer',41),(58,'AMK',42),(59,'YCK',43),(60,'Queenstown',44),(61,'Jurong West',45),(62,'YCK',46),
(63,'Jurong East',47),(64,'Pioneer',48),(65,'Red Hill',49),(66,'Chinatown',50),(67,'Lakeside',51),
(68,'Newton',52),(69,'Jurong West',53),(70,'Pasir Ris',54),(71,'AMK',55),(72,'Newton',56),(73,'Jurong East',57),
(74,'Jurong East',58),(75,'Changi',59),(76,'Queenstown',60),(77,'Jurong East',61),(78,'Bedok',62),
(79,'Chinatown',63),(80,'Pasir Ris',64),(81,'AMK',65),(82,'Pasir Ris',66),(83,'Pioneer',67),(84,'Bedok',68),
(85,'Jurong West',69),(86,'Red Hill',70),(87,'Pasir Ris',71),(88,'Pasir Ris',72),(89,'Chinatown',73),
(90,'Jurong West',74),(91,'Jurong West',75),(92,'Marina Bay',76),(93,'Queenstown',77),(94,'CCK',78),
(95,'Bedok',79),(96,'CCK',80),(97,'Chinatown',81),(98,'YCK',82),(99,'Lakeside',83),(100,'Jurong East',84),
(101,'Chinatown',85),(102,'Marina Bay',86),(103,'Chinatown',87),(104,'CCK',88),(105,'AMK',89),(106,'Red Hill',90),
(107,'Pioneer',91),(108,'AMK',92),(109,'AMK',93),(110,'Changi',94),(111,'Pasir Ris',95),(112,'CCK',96),(113,'YCK',97),
(114,'Marina Bay',98),(115,'CCK',99),(116,'Jurong East',1),(117,'CCK',1),(118,'Queenstown',2),(119,'Pasir Ris',3),
(120,'Jurong East',4),(121,'Jurong West',5),(122,'Queenstown',6),(123,'Lakeside',7),(124,'Red Hill',8),
(125,'Red Hill',9),(126,'CCK',10),(127,'Marina Bay',11),(128,'Jurong West',12),(129,'Pioneer',13),
(130,'Lakeside',14),(131,'Marina Bay',15),(132,'Changi',16),(133,'AMK',17),(134,'Changi',18),(135,'Jurong East',19),
(136,'Queenstown',20),(137,'Bedok',21),(138,'Red Hill',22),(139,'AMK',23),(140,'YCK',24),(141,'Jurong West',25),
(142,'Marina Bay',26),(143,'Pioneer',27),(144,'Chinatown',28),(145,'Red Hill',29),(146,'Changi',30),
(147,'Changi',47),(148,'Marina Bay',48),(149,'Bedok',49),(150,'Changi',50),(151,'Pasir Ris',51),(152,'AMK',52),
(153,'Jurong West',53),(154,'Jurong West',54),(155,'Pioneer',55),(156,'AMK',56),(157,'Changi',57),(158,'Chinatown',58),
(159,'Pasir Ris',59),(160,'Jurong East',60),(161,'Jurong West',61),(162,'Bedok',62),(163,'Pasir Ris',63),(164,'Bedok',64),
(165,'CCK',65),(166,'Bedok',66),(167,'YCK',67),(168,'Changi',68),(169,'Chinatown',69),(170,'Changi',70),
(171,'Lakeside',71),(172,'Pioneer',72),(173,'CCK',73),(174,'Marina Bay',74),(175,'Red Hill',75),(176,'Bedok',76),
(177,'YCK',77),(178,'Lakeside',78),(179,'Marina Bay',79),(180,'Pioneer',80),(181,'Pioneer',81),(182,'Pasir Ris',82),
(183,'Changi',83),(184,'Red Hill',84),(185,'Lakeside',85),(186,'Jurong East',86),(187,'Lakeside',87),(188,'Changi',88),
(189,'CCK',89),(190,'Marina Bay',90),(191,'Bedok',91),(192,'Lakeside',92),(193,'Changi',93),(194,'Marina Bay',94),
(195,'Queenstown',95),(196,'CCK',96),(197,'Jurong West',97),(198,'Bedok',98),(199,'Chinatown',99),(200,'Lakeside',3),
(201,'Pasir Ris',1),(202,'Changi',2),(203,'Lakeside',3),(204,'Changi',4),(205,'YCK',5),(206,'Marina Bay',6),
(207,'Queenstown',7),(208,'Pasir Ris',8),(209,'Chinatown',9),(210,'CCK',10),(211,'Pioneer',11),(212,'Chinatown',12),
(213,'Jurong East',13),(214,'AMK',14),(215,'Lakeside',15),(216,'Newton',16),(217,'Bedok',17),(218,'YCK',18),
(219,'Marina Bay',19),(220,'Lakeside',20),(221,'YCK',21),(222,'CCK',22),(223,'Newton',23),(224,'Pasir Ris',24),
(225,'Chinatown',25),(226,'Marina Bay',26),(227,'Lakeside',27),(228,'AMK',28),(229,'Pioneer',29),(230,'Changi',30),
(231,'Lakeside',31),(232,'CCK',32),(233,'YCK',33),(234,'Red Hill',34),(235,'Jurong East',35),(236,'Changi',36),
(237,'Pasir Ris',37),(238,'YCK',38),(239,'YCK',39),(240,'Newton',40),(241,'YCK',41),(242,'Queenstown',42),(243,'AMK',43),
(244,'Bedok',44),(245,'Changi',45),(246,'Pioneer',46),(247,'Pasir Ris',47),(248,'Queenstown',48),(249,'YCK',49),
(250,'Bedok',50),(251,'AMK',51),(252,'Queenstown',52),(253,'Marina Bay',53),(254,'Queenstown',54),(255,'Red Hill',55),
(256,'Queenstown',56),(257,'Newton',57),(258,'AMK',58),(259,'CCK',59),(260,'CCK',60),(261,'Jurong East',61),
(262,'YCK',62),(263,'YCK',63),(264,'AMK',64),(265,'Newton',65),(266,'Changi',66),(267,'Queenstown',67),(268,'Changi',68),
(269,'Red Hill',69),(270,'Changi',70),(271,'CCK',71),(272,'Jurong East',72),(273,'Pioneer',73),(274,'Pasir Ris',74),
(275,'Changi',75),(276,'Pasir Ris',76);

INSERT INTO Products
VALUES
('Iphone Xs','Apple','Mobile Phones'),
('Iphone 11','Apple','Mobile Phones'),
('Samsung Galaxy S10','Samsung','Mobile Phones'),
('King Koil Bed','King Koil','Furniture'),
('Herman Miller Chair','Herman Miller','Furniture'),
('Dyson Bladeless Fan','Dyson','Home Appliances'),
('Samsung Smart Fridge','Samsung','Home Appliances'),
('Ben\'n Jerry Chocolate Ice cream','BNJ','Food & Beverages'),
('Coke','Coca Cola','Food & Beverages'),
('Pepsi','Pepsi','Food & Beverages'),
('Kit Kat','Kit Kat Co','Food & Beverages'),
('Nike Basketball','Nike','Sports'),
('YONEX Shoes','YONEX','Sports'),
('Nike Hoodie','Nike','Fashion'),
('Adidas UltraBoost','Adidas','Fashion');

INSERT INTO Shops
VALUES
('Big Box','CCK','Adam'),('IMM','Bishan','Beatrice'),('JCube','Jurong East','Cass'),
('Prime','Bishan','Donovan'),('Vivocity','Marina Bay','Eunice'),('Fairprice','CCK','Fae');

INSERT INTO Product_list_in_shop
VALUES
(1000,'Iphone Xs','IMM'),(1001,'Iphone Xs','IMM'),(1002,'Iphone Xs','IMM'),
(1003,'Iphone Xs','IMM'),(1004,'Iphone Xs','IMM'),(1005,'Iphone Xs','IMM'),
(1006,'Iphone Xs','IMM'),(1007,'Iphone Xs','JCube'),(1008,'Iphone Xs','JCube'),
(1009,'Iphone Xs','JCube'),(1010,'Iphone Xs','JCube'),(1011,'Iphone Xs','JCube'),
(1012,'Iphone Xs','Vivocity'),(1013,'Iphone Xs','Vivocity'),(1014,'Iphone Xs','Vivocity'),
(1015,'Iphone Xs','Vivocity'),(1016,'Iphone Xs','Vivocity'),(1017,'Iphone Xs','Vivocity'),
(2000,'Iphone 11','IMM'),(2001,'Iphone 11','IMM'),(2002,'Iphone 11','IMM'),
(2003,'Iphone 11','IMM'),(2004,'Iphone 11','IMM'),(2005,'Iphone 11','JCube'),
(2006,'Iphone 11','JCube'),(2007,'Iphone 11','JCube'),(2008,'Iphone 11','JCube'),
(2009,'Iphone 11','JCube'),(2010,'Iphone 11','JCube'),(2011,'Iphone 11','JCube'),
(2012,'Iphone 11','Vivocity'),(2013,'Iphone 11','Vivocity'),(2014,'Iphone 11','Vivocity'),
(2015,'Iphone 11','Vivocity'),(2016,'Iphone 11','Vivocity'),(2017,'Iphone 11','Vivocity'),
(3000,'Samsung Galaxy S10','IMM'),
(3001,'Samsung Galaxy S10','IMM'),
(3002,'Samsung Galaxy S10','IMM'),
(3003,'Samsung Galaxy S10','IMM'),
(3004,'Samsung Galaxy S10','IMM'),
(3005,'Samsung Galaxy S10','IMM'),
(3006,'Samsung Galaxy S10','IMM'),
(3007,'Samsung Galaxy S10','JCube'),
(3008,'Samsung Galaxy S10','JCube'),
(3009,'Samsung Galaxy S10','JCube'),
(3010,'Samsung Galaxy S10','JCube'),
(3011,'Samsung Galaxy S10','JCube'),
(3012,'Samsung Galaxy S10','JCube'),
(3013,'Samsung Galaxy S10','JCube'),
(3014,'Samsung Galaxy S10','JCube'),
(4000,'King Koil Bed','Big Box'),
(4001,'King Koil Bed','Big Box'),
(4002,'King Koil Bed','Big Box'),
(4003,'King Koil Bed','Big Box'),
(4004,'King Koil Bed','Big Box'),
(4005,'King Koil Bed','Big Box'),
(4006,'King Koil Bed','Big Box'),
(4007,'King Koil Bed','Big Box'),
(4008,'King Koil Bed','Big Box'),
(4009,'King Koil Bed','Big Box'),
(4010,'King Koil Bed','Big Box'),
(4011,'King Koil Bed','Vivocity'),
(4012,'King Koil Bed','Vivocity'),
(4013,'King Koil Bed','Vivocity'),
(4014,'King Koil Bed','Vivocity'),
(4015,'King Koil Bed','Vivocity'),
(4016,'King Koil Bed','Vivocity'),
(4017,'King Koil Bed','Vivocity'),
(4018,'King Koil Bed','Vivocity'),
(5000,'Coke','Prime'),
(5001,'Coke','Prime'),
(5002,'Coke','Prime'),
(5003,'Coke','Prime'),
(5004,'Coke','Prime'),
(5005,'Coke','Prime'),
(5006,'Coke','Prime'),
(5007,'Coke','Fairprice'),
(5008,'Coke','Fairprice'),
(5009,'Coke','Fairprice'),
(5010,'Coke','Fairprice'),
(5011,'Coke','Fairprice'),
(5012,'Coke','Fairprice'),
(5013,'Coke','Fairprice'),
(5014,'Coke','Fairprice'),
(5015,'Coke','Fairprice'),
(6000,'Pepsi','Fairprice'),
(6001,'Pepsi','Fairprice'),
(6002,'Pepsi','Fairprice'),
(6003,'Pepsi','Fairprice'),
(6004,'Pepsi','Fairprice'),
(6005,'Pepsi','Fairprice'),
(6006,'Pepsi','Fairprice'),
(6007,'Pepsi','Fairprice'),
(6008,'Pepsi','Fairprice'),
(6009,'Pepsi','Fairprice'),
(6010,'Pepsi','Fairprice'),
(6011,'Pepsi','Fairprice'),
(6012,'Pepsi','Fairprice'),
(6013,'Pepsi','Fairprice'),
(6014,'Pepsi','Fairprice'),
(6015,'Pepsi','Fairprice'),
(6016,'Pepsi','Fairprice'),
(6017,'Pepsi','Fairprice'),
(6018,'Pepsi','Fairprice'),
(6019,'Pepsi','Fairprice'),
(6020,'Pepsi','Fairprice'),
(6021,'Pepsi','Fairprice'),
(6022,'Pepsi','Fairprice'),
(6023,'Pepsi','Fairprice'),
(6024,'Pepsi','Fairprice'),
(6025,'Pepsi','Fairprice'),
(6026,'Pepsi','Fairprice'),
(6027,'Pepsi','Fairprice'),
(6028,'Pepsi','Fairprice'),
(6029,'Pepsi','Fairprice'),
(6030,'Pepsi','Fairprice'),
(6031,'Pepsi','Fairprice'),
(6032,'Pepsi','Fairprice'),
(6033,'Pepsi','Fairprice'),
(6034,'Pepsi','Fairprice'),
(6035,'Pepsi','Fairprice'),
(6036,'Pepsi','Fairprice'),
(6037,'Pepsi','Fairprice'),
(6038,'Pepsi','Fairprice'),
(6039,'Pepsi','Fairprice'),
(6040,'Pepsi','Fairprice'),
(6041,'Pepsi','Fairprice'),
(6042,'Pepsi','Fairprice'),
(6043,'Pepsi','Fairprice'),
(6044,'Pepsi','Fairprice'),
(6045,'Pepsi','Fairprice'),
(6046,'Pepsi','Fairprice'),
(6047,'Pepsi','Fairprice'),
(6048,'Pepsi','Fairprice'),
(6049,'Pepsi','Fairprice'),
(6050,'Pepsi','Fairprice'),
(6051,'Pepsi','Fairprice'),
(6052,'Pepsi','Fairprice'),
(6053,'Pepsi','Fairprice'),
(6054,'Pepsi','Fairprice'),
(6055,'Pepsi','Fairprice'),
(6056,'Pepsi','Fairprice'),
(6057,'Pepsi','Fairprice'),
(6058,'Pepsi','Fairprice'),
(6059,'Pepsi','Fairprice'),
(6060,'Pepsi','Fairprice'),
(6061,'Pepsi','Fairprice'),
(6062,'Pepsi','Fairprice'),
(6063,'Pepsi','Fairprice'),
(6064,'Pepsi','Fairprice'),
(6065,'Pepsi','Fairprice'),
(6066,'Pepsi','Fairprice'),
(6067,'Pepsi','Fairprice'),
(6068,'Pepsi','Fairprice'),
(6069,'Pepsi','Fairprice'),
(6070,'Pepsi','Fairprice'),
(6071,'Pepsi','Fairprice'),
(6072,'Pepsi','Fairprice'),
(6073,'Pepsi','Fairprice'),
(6074,'Pepsi','Fairprice'),
(6075,'Pepsi','Fairprice'),
(6076,'Pepsi','Fairprice'),
(6077,'Pepsi','Fairprice'),
(6078,'Pepsi','Fairprice'),
(6079,'Pepsi','Fairprice'),
(6080,'Pepsi','Fairprice'),
(6081,'Pepsi','Fairprice'),
(6082,'Pepsi','Fairprice'),
(6083,'Pepsi','Fairprice'),
(6084,'Pepsi','Fairprice'),
(6085,'Pepsi','Fairprice'),
(6086,'Pepsi','Fairprice'),
(6087,'Pepsi','Fairprice'),
(6088,'Pepsi','Fairprice'),
(6089,'Pepsi','Fairprice'),
(6090,'Pepsi','Fairprice'),
(6091,'Pepsi','Fairprice'),
(6092,'Pepsi','Fairprice'),
(6093,'Pepsi','Fairprice'),
(6094,'Pepsi','Fairprice'),
(6095,'Pepsi','Fairprice'),
(6096,'Pepsi','Fairprice'),
(6097,'Pepsi','Fairprice'),
(6098,'Pepsi','Fairprice'),
(6099,'Pepsi','Fairprice'),
(6100,'Pepsi','Fairprice'),
(6101,'Pepsi','Fairprice'),
(6102,'Pepsi','Fairprice'),
(6103,'Pepsi','Fairprice'),
(6104,'Pepsi','Fairprice'),
(6105,'Pepsi','Fairprice'),
(6106,'Pepsi','Fairprice'),
(6107,'Pepsi','Fairprice'),
(6108,'Pepsi','Fairprice'),
(6109,'Pepsi','Fairprice'),
(6110,'Pepsi','Fairprice'),
(6111,'Pepsi','Fairprice'),
(6112,'Pepsi','Fairprice'),
(6113,'Pepsi','Fairprice'),
(6114,'Pepsi','Fairprice'),
(6115,'Pepsi','Fairprice'),
(6116,'Pepsi','Fairprice'),
(6117,'Pepsi','Fairprice'),
(6118,'Pepsi','Fairprice'),
(6119,'Pepsi','Fairprice'),
(6120,'Pepsi','Fairprice'),
(6121,'Pepsi','Fairprice'),
(6122,'Pepsi','Fairprice'),
(6123,'Pepsi','Fairprice'),
(6124,'Pepsi','Fairprice'),
(6125,'Pepsi','Fairprice'),
(6126,'Pepsi','Fairprice'),
(6127,'Pepsi','Fairprice'),
(6128,'Pepsi','Fairprice'),
(6129,'Pepsi','Fairprice'),
(6130,'Pepsi','Fairprice'),
(6131,'Pepsi','Fairprice'),
(6132,'Pepsi','Fairprice'),
(6133,'Pepsi','Fairprice'),
(6134,'Pepsi','Fairprice'),
(6135,'Pepsi','Fairprice'),
(6136,'Pepsi','Fairprice'),
(6137,'Pepsi','Fairprice'),
(6138,'Pepsi','Fairprice'),
(7000,'Samsung Smart Fridge','IMM'),
(7001,'Samsung Smart Fridge','IMM'),
(7002,'Samsung Smart Fridge','IMM'),
(7003,'Samsung Smart Fridge','IMM'),
(7004,'Samsung Smart Fridge','IMM'),
(7005,'Samsung Smart Fridge','IMM'),
(7006,'Samsung Smart Fridge','IMM'),
(7007,'Samsung Smart Fridge','IMM'),
(7008,'Samsung Smart Fridge','IMM'),
(7009,'Samsung Smart Fridge','IMM'),
(8000,'Dyson Bladeless Fan','Jcube'),
(8001,'Dyson Bladeless Fan','Jcube'),
(8002,'Dyson Bladeless Fan','Jcube'),
(8003,'Dyson Bladeless Fan','Jcube'),
(8004,'Dyson Bladeless Fan','Jcube'),
(8005,'Dyson Bladeless Fan','Jcube'),
(8006,'Dyson Bladeless Fan','Jcube'),
(8007,'Dyson Bladeless Fan','Jcube'),
(8008,'Dyson Bladeless Fan','IMM'),
(8009,'Dyson Bladeless Fan','IMM'),
(8010,'Dyson Bladeless Fan','Big Box'),
(8011,'Dyson Bladeless Fan','Big Box'),
(8012,'Dyson Bladeless Fan','Big Box'),
(8013,'Dyson Bladeless Fan','Big Box'),
(8014,'Dyson Bladeless Fan','Big Box'),
(8015,'Dyson Bladeless Fan','Big Box'),
(8016,'Dyson Bladeless Fan','Big Box'),
(9000,'Kit Kat','Prime'),
(9001,'Kit Kat','Prime'),
(9002,'Kit Kat','Prime'),
(9003,'Kit Kat','Prime'),
(9004,'Kit Kat','Fairprice'),
(9005,'Kit Kat','Fairprice'),
(9006,'Kit Kat','Fairprice'),
(9007,'Kit Kat','Fairprice'),
(9008,'Kit Kat','Fairprice'),
(9009,'Kit Kat','Fairprice'),
(9010,'Kit Kat','Fairprice'),
(9011,'Kit Kat','Fairprice'),
(9012,'Kit Kat','Fairprice'),
(9013,'Kit Kat','Prime'),
(9014,'Kit Kat','Prime'),
(9015,'Kit Kat','Prime'),
(9016,'Kit Kat','Prime'),
(9017,'Kit Kat','Prime'),
(9018,'Kit Kat','Prime'),
(9019,'Kit Kat','Prime'),
(9020,'Kit Kat','Prime'),
(9021,'Kit Kat','Prime'),
(9022,'Kit Kat','Prime'),
(9023,'Kit Kat','Prime'),
(9024,'Kit Kat','Prime'),
(9025,'Kit Kat','Prime'),
(9026,'Kit Kat','Prime'),
(9027,'Kit Kat','Prime'),
(9028,'Kit Kat','Prime'),
(9029,'Kit Kat','Prime'),
(9030,'Kit Kat','Prime'),
(9031,'Kit Kat','Prime'),
(9032,'Kit Kat','Prime'),
(9033,'Kit Kat','Prime'),
(9034,'Kit Kat','Prime'),
(9035,'Kit Kat','Prime'),
(9036,'Kit Kat','Prime'),
(9037,'Kit Kat','Prime'),
(9038,'Kit Kat','Prime'),
(9039,'Kit Kat','Prime'),
(9040,'Kit Kat','Prime'),
(9041,'Kit Kat','Prime'),
(9042,'Kit Kat','Prime'),
(9043,'Kit Kat','Prime'),
(9044,'Kit Kat','Prime'),
(9045,'Kit Kat','Prime'),
(9046,'Kit Kat','Prime'),
(9047,'Kit Kat','Prime'),
(9048,'Kit Kat','Prime'),
(9049,'Kit Kat','Prime'),
(9050,'Kit Kat','Prime'),
(9051,'Kit Kat','Prime'),
(9052,'Kit Kat','Prime'),
(9053,'Kit Kat','Prime'),
(9054,'Kit Kat','Prime'),
(9055,'Kit Kat','Prime'),
(9056,'Kit Kat','Prime'),
(9057,'Kit Kat','Prime'),
(9058,'Kit Kat','Prime'),
(9059,'Kit Kat','Prime'),
(9060,'Kit Kat','Prime'),
(9061,'Kit Kat','Prime'),
(9062,'Kit Kat','Prime'),
(9063,'Kit Kat','Prime'),
(9064,'Kit Kat','Prime'),
(9065,'Kit Kat','Prime'),
(9066,'Kit Kat','Prime'),
(9067,'Kit Kat','Prime'),
(9068,'Kit Kat','Prime'),
(9069,'Kit Kat','Prime'),
(9070,'Kit Kat','Prime'),
(9071,'Kit Kat','Prime'),
(9072,'Kit Kat','Prime'),
(9073,'Kit Kat','Prime'),
(9074,'Kit Kat','Prime'),
(9075,'Kit Kat','Prime'),
(9076,'Kit Kat','Prime'),
(9077,'Kit Kat','Prime'),
(9078,'Kit Kat','Prime'),
(9079,'Kit Kat','Prime'),
(9080,'Kit Kat','Prime'),
(9081,'Kit Kat','Fairprice'),
(9082,'Kit Kat','Fairprice'),
(9083,'Kit Kat','Fairprice'),
(9084,'Kit Kat','Fairprice'),
(9085,'Kit Kat','Fairprice'),
(9086,'Kit Kat','Fairprice'),
(9087,'Kit Kat','Fairprice'),
(9088,'Kit Kat','Fairprice'),
(9089,'Kit Kat','Fairprice'),
(9090,'Kit Kat','Fairprice'),
(9091,'Kit Kat','Fairprice'),
(9092,'Kit Kat','Fairprice'),
(9093,'Kit Kat','Fairprice'),
(9094,'Kit Kat','Fairprice'),
(9095,'Kit Kat','Fairprice'),
(9096,'Kit Kat','Fairprice'),
(9097,'Kit Kat','Fairprice'),
(9098,'Kit Kat','Fairprice'),
(9099,'Kit Kat','Fairprice'),
(9100,'Kit Kat','Fairprice'),
(9101,'Kit Kat','Fairprice'),
(9102,'Kit Kat','Fairprice'),
(9103,'Kit Kat','Fairprice'),
(9104,'Kit Kat','Fairprice'),
(9105,'Kit Kat','Fairprice'),
(9106,'Kit Kat','Fairprice'),
(9107,'Kit Kat','Fairprice'),
(9108,'Kit Kat','Fairprice'),
(9109,'Kit Kat','Fairprice'),
(9110,'Kit Kat','Fairprice'),
(9111,'Kit Kat','Fairprice'),
(9112,'Kit Kat','Fairprice'),
(9113,'Kit Kat','Fairprice'),
(9114,'Kit Kat','Fairprice'),
(9115,'Kit Kat','Fairprice'),
(9116,'Kit Kat','Fairprice'),
(9117,'Kit Kat','Fairprice'),
(9118,'Kit Kat','Fairprice'),
(9119,'Kit Kat','Fairprice'),
(9120,'Kit Kat','Fairprice'),
(9121,'Kit Kat','Fairprice'),
(9122,'Kit Kat','Fairprice'),
(9123,'Kit Kat','Fairprice'),
(9124,'Kit Kat','Fairprice'),
(9125,'Kit Kat','Fairprice'),
(9126,'Kit Kat','Fairprice'),
(9127,'Kit Kat','Fairprice'),
(9128,'Kit Kat','Fairprice'),
(9129,'Kit Kat','Fairprice'),
(9130,'Kit Kat','Fairprice'),
(9131,'Kit Kat','Fairprice'),
(9132,'Kit Kat','Fairprice'),
(9133,'Kit Kat','Fairprice'),
(9134,'Kit Kat','Fairprice'),
(9135,'Kit Kat','Fairprice'),
(9136,'Kit Kat','Fairprice'),
(9137,'Kit Kat','Fairprice'),
(9138,'Kit Kat','Fairprice'),
(9139,'Kit Kat','Fairprice'),
(9140,'Kit Kat','Fairprice'),
(9141,'Kit Kat','Fairprice'),
(9142,'Kit Kat','Fairprice'),
(1101,'Nike Basketball','Big Box'),
(1102,'Nike Basketball','Big Box'),
(1103,'Nike Basketball','Big Box'),
(1104,'Nike Basketball','Big Box'),
(1105,'Nike Basketball','Big Box'),
(1106,'Nike Basketball','Big Box'),
(1107,'Nike Basketball','Big Box'),
(1108,'Nike Basketball','Big Box'),
(1109,'Nike Basketball','Big Box'),
(1110,'Nike Basketball','Vivocity'),
(1111,'Nike Basketball','Vivocity'),
(1112,'Nike Basketball','Vivocity'),
(1113,'Nike Basketball','Vivocity'),
(1114,'Nike Basketball','Vivocity'),
(1115,'Nike Basketball','Vivocity'),
(1116,'Nike Basketball','Vivocity'),
(1117,'Nike Basketball','Vivocity'),
(1118,'Nike Basketball','IMM'),
(1119,'Nike Basketball','IMM'),
(1121,'Nike Basketball','IMM'),
(1122,'Nike Basketball','IMM'),
(1123,'Nike Basketball','IMM'),
(1124,'Nike Basketball','IMM'),
(1200,'YONEX Shoes','JCube'),
(1201,'YONEX Shoes','JCube'),
(1202,'YONEX Shoes','JCube'),
(1203,'YONEX Shoes','JCube'),
(1204,'YONEX Shoes','JCube'),
(1205,'YONEX Shoes','JCube'),
(1206,'YONEX Shoes','JCube'),
(1207,'YONEX Shoes','Big Box'),
(1208,'YONEX Shoes','Big Box'),
(1209,'YONEX Shoes','Big Box'),
(1210,'YONEX Shoes','Big Box'),
(1211,'YONEX Shoes','Big Box'),
(1212,'YONEX Shoes','Big Box'),
(1213,'YONEX Shoes','Big Box'),
(1214,'YONEX Shoes','Big Box'),
(1215,'YONEX Shoes','Big Box'),
(1216,'YONEX Shoes','Prime'),
(1217,'YONEX Shoes','Prime'),
(1218,'YONEX Shoes','Prime'),
(1219,'YONEX Shoes','Prime'),
(1220,'YONEX Shoes','Prime'),
(1300,'Nike Hoodie','Fairprice'),
(1301,'Nike Hoodie','Fairprice'),
(1302,'Nike Hoodie','Fairprice'),
(1303,'Nike Hoodie','Fairprice'),
(1304,'Nike Hoodie','Fairprice'),
(1305,'Nike Hoodie','Fairprice'),
(1306,'Nike Hoodie','Fairprice'),
(1307,'Nike Hoodie','Fairprice'),
(1308,'Nike Hoodie','Fairprice'),
(1309,'Nike Hoodie','IMM'),
(1310,'Nike Hoodie','IMM'),
(1311,'Nike Hoodie','IMM'),
(1312,'Nike Hoodie','IMM'),
(1313,'Nike Hoodie','IMM'),
(1314,'Nike Hoodie','IMM'),
(1315,'Nike Hoodie','IMM'),
(1316,'Nike Hoodie','IMM'),
(1317,'Nike Hoodie','Vivocity'),
(1318,'Nike Hoodie','Vivocity'),
(1319,'Nike Hoodie','Vivocity'),
(1320,'Nike Hoodie','Vivocity'),
(1321,'Nike Hoodie','Vivocity'),
(1322,'Nike Hoodie','Vivocity'),
(1323,'Nike Hoodie','Vivocity'),
(1324,'Nike Hoodie','JCube'),
(1325,'Nike Hoodie','JCube'),
(1326,'Nike Hoodie','JCube'),
(1327,'Nike Hoodie','JCube'),
(1328,'Nike Hoodie','JCube'),
(1329,'Nike Hoodie','Prime'),
(1330,'Nike Hoodie','Prime'),
(1331,'Nike Hoodie','Prime'),
(1332,'Nike Hoodie','Prime'),
(1333,'Nike Hoodie','Prime'),
(1334,'Nike Hoodie','Prime'),
(1335,'Nike Hoodie','Prime'),
(1336,'Nike Hoodie','Prime'),
(1337,'Nike Hoodie','Prime'),
(1400,'Adidas UltraBoost','Big Box'),
(1401,'Adidas UltraBoost','Big Box'),
(1402,'Adidas UltraBoost','Big Box'),
(1403,'Adidas UltraBoost','Big Box'),
(1404,'Adidas UltraBoost','Big Box'),
(1405,'Adidas UltraBoost','IMM'),
(1406,'Adidas UltraBoost','IMM'),
(1407,'Adidas UltraBoost','IMM'),
(1408,'Adidas UltraBoost','IMM'),
(1409,'Adidas UltraBoost','IMM'),
(1410,'Adidas UltraBoost','IMM'),
(1411,'Adidas UltraBoost','Prime'),
(1412,'Adidas UltraBoost','Prime'),
(1413,'Adidas UltraBoost','Prime'),
(1414,'Adidas UltraBoost','Prime'),
(1415,'Adidas UltraBoost','Prime'),
(1416,'Adidas UltraBoost','Prime'),
(1417,'Adidas UltraBoost','Prime'),
(1418,'Adidas UltraBoost','Fairprice'),
(1419,'Adidas UltraBoost','Fairprice'),
(1420,'Adidas UltraBoost','Fairprice'),
(1421,'Adidas UltraBoost','Fairprice'),
(1422,'Adidas UltraBoost','Fairprice'),
(1423,'Adidas UltraBoost','Fairprice');

INSERT INTO Product_info_in_shop
	(productName,shopName,suggestedPrice,quantity,startDate,endDate,priceVariation)
VALUES
('Iphone Xs','IMM',1000,6,'2020-06-01',NULL,1000),
('Iphone Xs','JCube',1000,5,'2020-06-01',NULL,1000),
('Iphone Xs','Vivocity',1050,5,'2020-06-01',NULL,1040),
('Iphone 11','JCube',1050,7,'2020-06-01',NULL,1050),
('Iphone 11','IMM',1050,5,'2020-06-01',NULL,1050),
('Iphone 11','Vivocity',1050,6,'2020-06-01',NULL,1060),
('Samsung Galaxy S10','IMM',900,7,'2020-06-01',NULL,900),
('Samsung Galaxy S10','JCube',900,8,'2020-06-01',NULL,910),
('King Koil Bed','Big Box',450,11,'2020-06-01',NULL,445),
('King Koil Bed','Vivocity', 450,8,'2020-06-01',NULL,455),
('Coke','Prime',1.5,7,'2020-06-01',NULL,1.5),
('Coke','FairPrice',1.5,9,'2020-06-01',NULL,1.6),
('Pepsi','FairPrice',1.5,138,'2020-06-01',NULL,1.5),
('Samsung Smart Fridge','IMM',500,10,'2020-06-01',NULL,500),
('Dyson Bladeless Fan','Jcube', 400,8,'2020-06-01',NULL,410),
('Dyson Bladeless Fan','IMM', 400,2,'2020-06-01',NULL,400),
('Dyson Bladeless Fan','Big Box', 400,7,'2020-06-01',NULL,390),
('Kit Kat','Prime',2,5, '2020-06-01',NULL, 2),
('Kit Kat','Fairprice',2,142, '2020-06-01',NULL, 1.9),
('Nike Basketball','Vivocity',50,8, '2020-06-01',NULL,50),
('Nike Basketball','IMM',50,6, '2020-10-01',NULL,49),
('Nike Basketball','Big Box',50,9, '2020-10-01',NULL,50),
('YONEX Shoes','JCube',250,7, '2020-06-01',NULL,255),
('YONEX Shoes','Big Box',250,9, '2020-06-01',NULL,245),
('YONEX Shoes','Prime',250,5, '2020-06-01',NULL,250),
('Nike Hoodie','Fairprice',80,9, '2020-06-01',NULL,80),
('Nike Hoodie','IMM',80,9, '2020-06-01',NULL,75),
('Nike Hoodie','Vivocity',80,7, '2020-06-01',NULL,85),
('Nike Hoodie','JCube',80,5, '2020-06-01',NULL,80),
('Nike Hoodie','Prime',80,8, '2020-06-01',NULL,78),
('Adidas UltraBoost','Big Box',100,5, '2020-06-01',NULL,98),
('Adidas UltraBoost','IMM',100,6, '2020-06-01',NULL,95),
('Adidas UltraBoost','Prime',100,6, '2020-06-01',NULL,100),
('Adidas UltraBoost','Fairprice',100,5, '2020-06-01',NULL,100);

INSERT INTO Product_list_in_order
	(orderID,productName,shopName,orderPrice,orderQuantity,orderDateTime)
VALUES 
(1,'Adidas UltraBoost','IMM',98,1,'2020-06-10'),
(1,'Iphone Xs','IMM',1050,1,'2020-06-10'),
(1,'Nike Basketball','IMM',50,1,'2020-06-10'),
(1,'Coke','Prime',1,1,'2020-06-10'),
(2,'YONEX Shoes','JCube',255,1,'2020-06-15'),
(2,'Nike Hoodie','Fairprice',80,1,'2020-06-15'),
(2,'Nike Basketball','JCube',80,1,'2020-06-15'),
(2,'Dyson Bladeless Fan','Jcube',405,1,'2020-06-15'),
(2,'Iphone Xs','Vivocity',1060,1,'2020-06-15'),
(3,'Iphone Xs','IMM',1050,1,'2020-06-16'),
(3,'King Koil Bed','Big Box',440,1,'2020-06-16'),
(3,'Samsung Smart Fridge','IMM',490,1,'2020-06-16'),
(4,'Kit Kat','Prime',1.5,2,'2020-06-20'),
(4,'Iphone 11','JCube',1060,1,'2020-06-20'),
(5,'Nike Hoodie','Vivocity',80,1,'2020-06-25'),
(5,'Adidas UltraBoost','Prime',95,1,'2020-06-25'),
(5,'Coke','FairPrice',1.3,1,'2020-06-25'),
(6,'Samsung Galaxy S10','JCube',80,1,'2020-06-27'),
(6,'Kit Kat','Prime',1.5,1,'2020-06-27'),
(7,'Iphone Xs','JCube',1060,1,'2020-07-05'),
(7,'Dyson Bladeless Fan','IMM',390,1,'2020-07-05'),
(7,'Nike Hoodie','JCube',90,1,'2020-07-05'),
(7,'Adidas UltraBoost','Fairprice',102,1,'2020-07-05'),
(8,'Dyson Bladeless Fan','Big Box',400,1,'2020-07-11'),
(8,'YONEX Shoes','JCube',250,2,'2020-07-11'),
(9,'Pepsi','FairPrice',1.3,2,'2020-07-16'),
(9,'Samsung Galaxy S10','IMM',910,1,'2020-07-16'),
(9,'King Koil Bed','Vivocity',400,1,'2020-07-16'),
(10,'Samsung Smart Fridge','IMM',490,1,'2020-07-02'),
(10,'Pepsi','FairPrice',1.3,1,'2020-07-02'),
(10,'Nike Hoodie','Prime',80,1,'2020-07-02'),
(11,'YONEX Shoes','JCube',250,1,'2020-08-02'),
(11,'Nike Hoodie','Prime',80,1,'2020-08-02'),
(11,'Nike Hoodie','IMM',80,1,'2020-08-02'),
(11,'Adidas UltraBoost','Big Box',95,1,'2020-08-02'),
(11,'Pepsi','FairPrice',1.3,3,'2020-08-02'),
(11,'Iphone 11','Vivocity',1070,1,'2020-08-02'),
(12,'Iphone 11','IMM',1040,1,'2020-08-07'),
(12,'YONEX Shoes','Big Box',245,1,'2020-08-07'),
(12,'Kit Kat','Fairprice',1.7,1,'2020-08-07'),
(12,'Samsung Smart Fridge','IMM',500,1,'2020-08-07'),
(13,'Samsung Galaxy S10','IMM',905,1,'2020-08-10'),
(13,'Dyson Bladeless Fan','Jcube',415,3,'2020-08-10'),
(13,'Samsung Smart Fridge','IMM',500,1,'2020-08-10'),
(13,'YONEX Shoes','Big Box',245,1,'2020-08-10'),
(14,'Coke','Prime',2,3,'2020-08-20'),
(14,'King Koil Bed','Vivocity',450,1,'2020-08-20'),
(15,'YONEX Shoes','Big Box',245,1,'2020-09-07'),
(15,'Pepsi','FairPrice',1.6,4,'2020-09-07'),
(15,'Dyson Bladeless Fan','IMM',390,1,'2020-09-07'),
(15,'Samsung Smart Fridge','IMM',510,1,'2020-09-07'),
(16,'YONEX Shoes','Big Box',245,1,'2020-09-14'),
(16,'Samsung Smart Fridge','IMM',510,2,'2020-09-14'),
(16,'Iphone Xs','Vivocity',1050,1,'2020-09-14'),
(17,'Kit Kat','Prime',1.5,1,'2020-08-2'),
(18,'Kit Kat','Prime',1.5,1,'2020-08-3'),
(19,'Kit Kat','Prime',1.5,1,'2020-08-3'),
(20,'Kit Kat','Prime',1.5,1,'2020-08-3'),
(21,'Kit Kat','Prime',1.5,1,'2020-08-4'),
(22,'Kit Kat','Prime',1.5,1,'2020-08-4'),
(23,'Kit Kat','Prime',1.5,1,'2020-08-4'),
(24,'Kit Kat','Prime',1.5,1,'2020-08-4'),
(25,'Kit Kat','Prime',1.5,1,'2020-08-4'),
(26,'Kit Kat','Prime',1.5,1,'2020-08-4'),
(27,'Kit Kat','Prime',1.5,1,'2020-08-4'),
(28,'Kit Kat','Prime',1.5,1,'2020-08-5'),
(29,'Kit Kat','Prime',1.5,1,'2020-08-5'),
(30,'Kit Kat','Prime',1.5,1,'2020-08-5'),
(31,'Kit Kat','Prime',1.5,1,'2020-08-6'),
(32,'Kit Kat','Prime',1.5,1,'2020-08-6'),
(33,'Kit Kat','Prime',1.5,1,'2020-08-7'),
(34,'Kit Kat','Prime',1.5,1,'2020-08-7'),
(35,'Kit Kat','Prime',1.5,1,'2020-08-8'),
(36,'Kit Kat','Prime',1.5,1,'2020-08-9'),
(37,'Kit Kat','Prime',1.5,1,'2020-08-9'),
(38,'Kit Kat','Prime',1.5,1,'2020-08-10'),
(39,'Kit Kat','Prime',1.5,1,'2020-08-11'),
(40,'Kit Kat','Prime',1.5,1,'2020-08-11'),
(41,'Kit Kat','Prime',1.5,1,'2020-08-11'),
(42,'Kit Kat','Prime',1.5,1,'2020-08-11'),
(43,'Kit Kat','Prime',1.5,1,'2020-08-11'),
(44,'Kit Kat','Prime',1.5,1,'2020-08-11'),
(45,'Kit Kat','Prime',1.5,1,'2020-08-11'),
(46,'Kit Kat','Prime',1.5,1,'2020-08-11'),
(47,'Kit Kat','Prime',1.5,1,'2020-08-11'),
(48,'Kit Kat','Prime',1.5,1,'2020-08-11'),
(49,'Kit Kat','Prime',1.5,1,'2020-08-11'),
(50,'Kit Kat','Prime',1.5,1,'2020-08-12'),
(51,'Kit Kat','Prime',1.5,1,'2020-08-12'),
(52,'Kit Kat','Prime',1.5,1,'2020-08-12'),
(53,'Kit Kat','Prime',1.5,1,'2020-08-13'),
(54,'Kit Kat','Prime',1.5,1,'2020-08-14'),
(55,'Kit Kat','Prime',1.5,1,'2020-08-14'),
(56,'Kit Kat','Prime',1.5,1,'2020-08-15'),
(57,'Kit Kat','Prime',1.5,1,'2020-08-16'),
(58,'Kit Kat','Prime',1.5,1,'2020-08-17'),
(59,'Kit Kat','Prime',1.5,1,'2020-08-17'),
(60,'Kit Kat','Prime',1.5,1,'2020-08-17'),
(61,'Kit Kat','Prime',1.5,1,'2020-08-18'),
(62,'Kit Kat','Prime',1.5,1,'2020-08-18'),
(63,'Kit Kat','Prime',1.5,1,'2020-08-18'),
(64,'Kit Kat','Prime',1.5,1,'2020-08-19'),
(65,'Kit Kat','Prime',1.5,1,'2020-08-19'),
(66,'Kit Kat','Prime',1.5,1,'2020-08-19'),
(67,'Kit Kat','Prime',1.5,1,'2020-08-19'),
(68,'Kit Kat','Prime',1.5,1,'2020-08-19'),
(69,'Kit Kat','Prime',1.5,1,'2020-08-19'),
(70,'Kit Kat','Prime',1.5,1,'2020-08-19'),
(71,'Kit Kat','Prime',1.5,1,'2020-08-20'),
(72,'Kit Kat','Prime',1.5,1,'2020-08-20'),
(73,'Kit Kat','Prime',1.5,1,'2020-08-20'),
(74,'Kit Kat','Prime',1.5,1,'2020-08-21'),
(75,'Kit Kat','Prime',1.5,1,'2020-08-21'),
(76,'Kit Kat','Prime',1.5,1,'2020-08-21'),
(77,'Kit Kat','Prime',1.5,1,'2020-08-22'),
(78,'Kit Kat','Prime',1.5,1,'2020-08-22'),
(79,'Kit Kat','Prime',1.5,1,'2020-08-22'),
(80,'Kit Kat','Prime',1.5,1,'2020-08-22'),
(81,'Kit Kat','Prime',1.5,1,'2020-08-22'),
(82,'Kit Kat','Prime',1.5,1,'2020-08-22'),
(83,'Kit Kat','Prime',1.5,1,'2020-08-22'),
(84,'Kit Kat','Prime',1.5,1,'2020-08-22'),
(85,'Kit Kat','Fairprice',1.7,1,'2020-08-29'),
(86,'Kit Kat','Fairprice',1.7,1,'2020-08-29'),
(87,'Kit Kat','Fairprice',1.7,1,'2020-08-30'),
(88,'Kit Kat','Fairprice',1.7,1,'2020-08-30'),
(89,'Kit Kat','Fairprice',1.7,1,'2020-08-30'),
(90,'Kit Kat','Fairprice',1.7,1,'2020-08-30'),
(91,'Kit Kat','Fairprice',1.7,1,'2020-08-30'),
(92,'Kit Kat','Fairprice',1.7,1,'2020-08-30'),
(93,'Kit Kat','Fairprice',1.7,1,'2020-08-30'),
(94,'Kit Kat','Fairprice',1.7,1,'2020-08-30'),
(95,'Kit Kat','Fairprice',1.7,1,'2020-08-30'),
(96,'Kit Kat','Fairprice',1.7,1,'2020-08-30'),
(97,'Kit Kat','Fairprice',1.7,1,'2020-08-30'),
(98,'Kit Kat','Fairprice',1.7,1,'2020-08-30'),
(99,'Kit Kat','Fairprice',1.7,1,'2020-08-30'),
(100,'Kit Kat','Fairprice',1.7,1,'2020-08-30'),
(101,'Kit Kat','Fairprice',1.7,1,'2020-08-30'),
(102,'Kit Kat','Fairprice',1.7,1,'2020-08-30'),
(103,'Kit Kat','Fairprice',1.7,1,'2020-08-30'),
(104,'Kit Kat','Fairprice',1.7,1,'2020-08-30'),
(105,'Kit Kat','Fairprice',1.7,1,'2020-08-30'),
(106,'Kit Kat','Fairprice',1.7,1,'2020-08-30'),
(107,'Kit Kat','Fairprice',1.7,1,'2020-08-30'),
(108,'Kit Kat','Fairprice',1.7,1,'2020-08-30'),
(109,'Kit Kat','Fairprice',1.7,1,'2020-08-30'),
(110,'Kit Kat','Fairprice',1.7,1,'2020-08-30'),
(111,'Kit Kat','Fairprice',1.7,1,'2020-08-30'),
(112,'Kit Kat','Fairprice',1.7,1,'2020-08-30'),
(113,'Kit Kat','Fairprice',1.7,1,'2020-08-30'),
(114,'Kit Kat','Fairprice',1.7,1,'2020-08-30'),
(115,'Kit Kat','Fairprice',1.7,1,'2020-08-30'),
(116,'Kit Kat','Fairprice',1.7,1,'2020-08-30'),
(117,'Kit Kat','Fairprice',1.7,1,'2020-08-30'),
(118,'Kit Kat','Fairprice',1.7,1,'2020-08-30'),
(119,'Kit Kat','Fairprice',1.7,1,'2020-08-30'),
(120,'Kit Kat','Fairprice',1.7,1,'2020-08-30'),
(121,'Kit Kat','Fairprice',1.7,1,'2020-08-30'),
(122,'Kit Kat','Fairprice',1.7,1,'2020-08-30'),
(123,'Kit Kat','Fairprice',1.7,1,'2020-08-30'),
(124,'Kit Kat','Fairprice',1.7,1,'2020-08-30'),
(125,'Kit Kat','Fairprice',1.7,1,'2020-08-30'),
(126,'Kit Kat','Fairprice',1.7,1,'2020-08-30'),
(127,'Kit Kat','Fairprice',1.7,1,'2020-08-30'),
(128,'Kit Kat','Fairprice',1.7,1,'2020-08-30'),
(129,'Kit Kat','Fairprice',1.7,1,'2020-08-30'),
(130,'Kit Kat','Fairprice',1.7,1,'2020-08-30'),
(131,'Kit Kat','Fairprice',1.7,1,'2020-08-30'),
(132,'Kit Kat','Fairprice',1.7,1,'2020-08-30'),
(133,'Kit Kat','Fairprice',1.7,1,'2020-08-30'),
(134,'Kit Kat','Fairprice',1.7,1,'2020-08-30'),
(135,'Kit Kat','Fairprice',1.7,1,'2020-08-30'),
(136,'Kit Kat','Fairprice',1.7,1,'2020-08-30'),
(137,'Kit Kat','Fairprice',1.7,1,'2020-08-30'),
(138,'Kit Kat','Fairprice',1.7,1,'2020-08-30'),
(139,'Kit Kat','Fairprice',1.7,1,'2020-08-30'),
(140,'Kit Kat','Fairprice',1.7,1,'2020-08-30'),
(141,'Kit Kat','Fairprice',1.7,1,'2020-08-30'),
(142,'Kit Kat','Fairprice',1.7,1,'2020-08-30'),
(143,'Kit Kat','Fairprice',1.7,1,'2020-08-30'),
(144,'Kit Kat','Fairprice',1.7,1,'2020-08-30'),
(145,'Kit Kat','Fairprice',1.7,1,'2020-08-30'),
(146,'Kit Kat','Fairprice',1.7,1,'2020-08-30'),
(147,'Pepsi','Fairprice',1.3,1,'2020-08-2'),
(148,'Pepsi','Fairprice',1.3,1,'2020-08-2'),
(149,'Pepsi','Fairprice',1.3,1,'2020-08-2'),
(150,'Pepsi','Fairprice',1.3,1,'2020-08-2'),
(151,'Pepsi','Fairprice',1.3,1,'2020-08-3'),
(152,'Pepsi','Fairprice',1.3,1,'2020-08-3'),
(153,'Pepsi','Fairprice',1.3,1,'2020-08-3'),
(154,'Pepsi','Fairprice',1.3,1,'2020-08-4'),
(155,'Pepsi','Fairprice',1.3,1,'2020-08-4'),
(156,'Pepsi','Fairprice',1.3,1,'2020-08-4'),
(157,'Pepsi','Fairprice',1.3,1,'2020-08-4'),
(158,'Pepsi','Fairprice',1.3,1,'2020-08-4'),
(159,'Pepsi','Fairprice',1.3,1,'2020-08-4'),
(160,'Pepsi','Fairprice',1.3,1,'2020-08-5'),
(161,'Pepsi','Fairprice',1.3,1,'2020-08-5'),
(162,'Pepsi','Fairprice',1.3,1,'2020-08-5'),
(163,'Pepsi','Fairprice',1.3,1,'2020-08-5'),
(164,'Pepsi','Fairprice',1.3,1,'2020-08-5'),
(165,'Pepsi','Fairprice',1.3,1,'2020-08-5'),
(166,'Pepsi','Fairprice',1.3,1,'2020-08-5'),
(167,'Pepsi','Fairprice',1.3,1,'2020-08-6'),
(168,'Pepsi','Fairprice',1.3,1,'2020-08-6'),
(169,'Pepsi','Fairprice',1.3,1,'2020-08-7'),
(170,'Pepsi','Fairprice',1.3,1,'2020-08-7'),
(171,'Pepsi','Fairprice',1.3,1,'2020-08-8'),
(172,'Pepsi','Fairprice',1.3,1,'2020-08-8'),
(173,'Pepsi','Fairprice',1.3,1,'2020-08-9'),
(174,'Pepsi','Fairprice',1.3,1,'2020-08-9'),
(175,'Pepsi','Fairprice',1.3,1,'2020-08-9'),
(176,'Pepsi','Fairprice',1.3,1,'2020-08-9'),
(177,'Pepsi','Fairprice',1.3,1,'2020-08-9'),
(178,'Pepsi','Fairprice',1.3,1,'2020-08-9'),
(179,'Pepsi','Fairprice',1.3,1,'2020-08-9'),
(180,'Pepsi','Fairprice',1.3,1,'2020-08-9'),
(181,'Pepsi','Fairprice',1.3,1,'2020-08-9'),
(182,'Pepsi','Fairprice',1.3,1,'2020-08-10'),
(183,'Pepsi','Fairprice',1.3,1,'2020-08-10'),
(184,'Pepsi','Fairprice',1.3,1,'2020-08-10'),
(185,'Pepsi','Fairprice',1.3,1,'2020-08-11'),
(186,'Pepsi','Fairprice',1.3,1,'2020-08-11'),
(187,'Pepsi','Fairprice',1.3,1,'2020-08-11'),
(188,'Pepsi','Fairprice',1.3,1,'2020-08-11'),
(189,'Pepsi','Fairprice',1.3,1,'2020-08-11'),
(190,'Pepsi','Fairprice',1.3,1,'2020-08-11'),
(191,'Pepsi','Fairprice',1.3,1,'2020-08-11'),
(192,'Pepsi','Fairprice',1.3,1,'2020-08-11'),
(193,'Pepsi','Fairprice',1.3,1,'2020-08-11'),
(194,'Pepsi','Fairprice',1.3,1,'2020-08-11'),
(195,'Pepsi','Fairprice',1.3,1,'2020-08-11'),
(196,'Pepsi','Fairprice',1.3,1,'2020-08-12'),
(197,'Pepsi','Fairprice',1.3,1,'2020-08-13'),
(198,'Pepsi','Fairprice',1.3,1,'2020-08-13'),
(199,'Pepsi','Fairprice',1.3,1,'2020-08-14'),
(200,'Pepsi','Fairprice',1.3,1,'2020-08-15'),
(201,'Pepsi','Fairprice',1.3,1,'2020-08-16'),
(202,'Pepsi','Fairprice',1.3,1,'2020-08-16'),
(203,'Pepsi','Fairprice',1.3,1,'2020-08-17'),
(204,'Pepsi','Fairprice',1.3,1,'2020-08-18'),
(205,'Pepsi','Fairprice',1.3,1,'2020-08-18'),
(206,'Pepsi','Fairprice',1.3,1,'2020-08-18'),
(207,'Pepsi','Fairprice',1.3,1,'2020-08-19'),
(208,'Pepsi','Fairprice',1.3,1,'2020-08-19'),
(209,'Pepsi','Fairprice',1.3,1,'2020-08-20'),
(210,'Pepsi','Fairprice',1.3,1,'2020-08-20'),
(211,'Pepsi','Fairprice',1.3,1,'2020-08-20'),
(212,'Pepsi','Fairprice',1.3,1,'2020-08-20'),
(213,'Pepsi','Fairprice',1.3,1,'2020-08-20'),
(214,'Pepsi','Fairprice',1.3,1,'2020-08-21'),
(215,'Pepsi','Fairprice',1.3,1,'2020-08-21'),
(216,'Pepsi','Fairprice',1.3,1,'2020-08-22'),
(217,'Pepsi','Fairprice',1.3,1,'2020-08-23'),
(218,'Pepsi','Fairprice',1.3,1,'2020-08-23'),
(219,'Pepsi','Fairprice',1.3,1,'2020-08-23'),
(220,'Pepsi','Fairprice',1.3,1,'2020-08-23'),
(221,'Pepsi','Fairprice',1.3,1,'2020-08-24'),
(222,'Pepsi','Fairprice',1.3,1,'2020-08-24'),
(223,'Pepsi','Fairprice',1.3,1,'2020-08-24'),
(224,'Pepsi','Fairprice',1.3,1,'2020-08-24'),
(225,'Pepsi','Fairprice',1.3,1,'2020-08-24'),
(226,'Pepsi','Fairprice',1.3,1,'2020-08-24'),
(227,'Pepsi','Fairprice',1.3,1,'2020-08-24'),
(228,'Pepsi','Fairprice',1.3,1,'2020-08-24'),
(229,'Pepsi','Fairprice',1.3,1,'2020-08-24'),
(230,'Pepsi','Fairprice',1.3,1,'2020-08-24'),
(231,'Pepsi','Fairprice',1.3,1,'2020-08-25'),
(232,'Pepsi','Fairprice',1.3,1,'2020-08-25'),
(233,'Pepsi','Fairprice',1.3,1,'2020-08-25'),
(234,'Pepsi','Fairprice',1.3,1,'2020-08-26'),
(235,'Pepsi','Fairprice',1.3,1,'2020-08-26'),
(236,'Pepsi','Fairprice',1.3,1,'2020-08-26'),
(237,'Pepsi','Fairprice',1.3,1,'2020-08-26'),
(238,'Pepsi','Fairprice',1.3,1,'2020-08-26'),
(239,'Pepsi','Fairprice',1.3,1,'2020-08-27'),
(240,'Pepsi','Fairprice',1.3,1,'2020-08-27'),
(241,'Pepsi','Fairprice',1.3,1,'2020-08-27'),
(242,'Pepsi','Fairprice',1.3,1,'2020-08-27'),
(243,'Pepsi','Fairprice',1.3,1,'2020-08-27'),
(244,'Pepsi','Fairprice',1.3,1,'2020-08-28'),
(245,'Pepsi','Fairprice',1.3,1,'2020-08-29'),
(246,'Pepsi','Fairprice',1.3,1,'2020-08-29'),
(247,'Pepsi','Fairprice',1.3,1,'2020-08-29'),
(248,'Pepsi','Fairprice',1.3,1,'2020-08-29'),
(249,'Pepsi','Fairprice',1.3,1,'2020-08-29'),
(250,'Pepsi','Fairprice',1.3,1,'2020-08-29'),
(251,'Pepsi','Fairprice',1.3,1,'2020-08-29'),
(252,'Pepsi','Fairprice',1.3,1,'2020-08-29'),
(253,'Pepsi','Fairprice',1.3,1,'2020-08-30'),
(254,'Pepsi','Fairprice',1.3,1,'2020-08-30'),
(255,'Pepsi','Fairprice',1.3,1,'2020-08-30'),
(256,'Pepsi','Fairprice',1.3,1,'2020-08-30'),
(257,'Pepsi','Fairprice',1.3,1,'2020-08-30'),
(258,'Pepsi','Fairprice',1.3,1,'2020-08-30'),
(259,'Pepsi','Fairprice',1.3,1,'2020-08-30'),
(260,'Pepsi','Fairprice',1.3,1,'2020-08-30'),
(261,'Pepsi','Fairprice',1.3,1,'2020-08-30'),
(262,'Pepsi','Fairprice',1.3,1,'2020-08-30'),
(263,'Pepsi','Fairprice',1.3,1,'2020-08-30'),
(264,'Pepsi','Fairprice',1.3,1,'2020-08-30'),
(265,'Pepsi','Fairprice',1.3,1,'2020-08-30'),
(266,'Pepsi','Fairprice',1.3,1,'2020-08-30'),
(267,'Pepsi','Fairprice',1.3,1,'2020-08-30'),
(268,'Pepsi','Fairprice',1.3,1,'2020-08-30'),
(269,'Pepsi','Fairprice',1.3,1,'2020-08-30'),
(270,'Pepsi','Fairprice',1.3,1,'2020-08-30'),
(271,'Pepsi','Fairprice',1.3,1,'2020-08-30'),
(272,'Pepsi','Fairprice',1.3,1,'2020-08-30'),
(273,'Pepsi','Fairprice',1.3,1,'2020-08-30'),
(274,'Pepsi','Fairprice',1.3,1,'2020-08-30'),
(275,'Pepsi','Fairprice',1.3,1,'2020-08-30'),
(276,'Pepsi','Fairprice',1.3,1,'2020-08-30');

INSERT INTO Product_info_in_order(orderID,productName,shopName,serialNo,productStatus,deliveryDate)
VALUES
(1,'Adidas UltraBoost','IMM',1405, 'delivered','2020-06-30'),
(1,'Iphone Xs','IMM',1000, 'delivered','2020-06-30'),
(1,'Nike Basketball','IMM',1118, 'delivered','2020-06-30'),
(1,'Coke','Prime',5000, 'delivered','2020-06-30'),
(2,'YONEX Shoes','JCube',1200, 'delivered','2020-06-30'),
(2,'Nike Hoodie','Fairprice',1300, 'delivered','2020-06-30'),
(2,'Nike Basketball','JCube',1125, 'delivered','2020-06-30'),
(2,'Dyson Bladeless Fan','JCube',8000, 'delivered','2020-06-30'),
(2,'Iphone Xs','Vivocity',1012, 'delivered','2020-06-30'),
(3,'Iphone Xs','IMM',1001, 'delivered','2020-06-30'),
(3,'King Koil Bed','Big Box',4000, 'delivered','2020-06-30'),
(3,'Samsung Smart Fridge','IMM',7000, 'delivered','2020-06-30'),
(4,'Kit Kat','Prime',9000, 'delivered','2020-06-30'),
(4,'Iphone 11','JCube',2005, 'delivered','2020-06-30'),
(5,'Nike Hoodie','Vivocity',1317, 'delivered','2020-06-30'),
(5,'Adidas UltraBoost','Prime',1411, 'delivered','2020-06-30'),
(5,'Coke','Fairprice',5007, 'delivered','2020-06-30'),
(6,'Samsung Galaxy S10','JCube',3007, 'delivered','2020-06-30'),
(6,'Kit Kat','Prime',9001, 'delivered','2020-06-30'),
(7,'Iphone Xs','JCube',1007, 'delivered','2020-07-30'),
(7,'Dyson Bladeless Fan','IMM',8008, 'delivered','2020-07-30'),
(7,'Nike Hoodie','JCube',1324, 'delivered','2020-07-30'),
(7,'Adidas Ultraboost','Fairprice',1418, 'delivered','2020-07-30'),
(8,'Dyson Bladeless Fan','Big Box',8010, 'delivered','2020-07-30'),
(8,'YONEX Shoes','Jcube',1206, 'delivered','2020-07-30'),
(8,'YONEX Shoes','Jcube',1205, 'delivered','2020-07-30'),
(9,'Pepsi','Fairprice',6000, 'delivered','2020-07-30'),
(9,'Samsung Galaxy S10','IMM',3000, 'delivered','2020-07-30'),
(9,'King Koil Bed','Vivocity',4011, 'delivered','2020-07-30'),
(10,'Samsung Smart Fridge','IMM',7002, 'delivered','2020-07-30'),
(10,'Pepsi','Fairprice',6001, 'delivered','2020-07-30'),
(10,'Nike Hoodie','Prime',1329, 'delivered','2020-07-30'),
(11,'YONEX Shoes','Jcube',1201, 'delivered','2020-08-30'),
(11,'Nike Hoodie','Prime',1330, 'delivered','2020-08-30'),
(11,'Nike Hoodie','Prime',1337, 'delivered','2020-08-30'),
(11,'Adidas Ultraboost','Big Box',1400, 'delivered','2020-08-30'),
(11,'Pepsi','Fairprice',6002, 'delivered','2020-08-30'),
(11,'Iphone 11','Vivocity',2012, 'delivered','2020-08-30'),
(12,'Iphone 11','IMM',2000, 'delivered','2020-08-30'),
(12,'Kit Kat','Fairprice',9004, 'delivered','2020-08-30'),
(12,'Samsung Smart Fridge','IMM',7003, 'delivered','2020-08-30'),
(13,'Samsung Galaxy S10','IMM',3001, 'delivered','2020-08-30'),
(13,'Dyson Bladeless Fan','JCube',8001, 'delivered','2020-08-30'),
(13,'Dyson Bladeless Fan','JCube',8002, 'delivered','2020-08-30'),
(13,'Dyson Bladeless Fan','JCube',8003, 'delivered','2020-08-30'),
(13,'YONEX Shoes','Big Box',1207, 'delivered','2020-08-30'),
(13,'YONEX Shoes','Big Box',1210, 'delivered','2020-08-30'),
(14,'Coke','Prime',5001, 'delivered','2020-08-30'),
(14,'King Koil Bed','Vivocity',4012, 'delivered','2020-08-30'),
(15,'YONEX Shoes','Big Box',1208, 'delivered','2020-08-30'),
(15,'Pepsi','Fairprice',6003, 'delivered','2020-08-30'),
(15,'Dyson Bladeless Fan','IMM',8009, 'delivered','2020-08-30'),
(16,'YONEX Shoes','Big Box',1209, 'delivered','2020-08-30'),
(16,'Samsung Smart Fridge','IMM',7004, 'delivered','2020-08-30'),
(16,'Samsung Smart Fridge','IMM',7005, 'delivered','2020-08-30'),
(16,'Iphone Xs','Vivocity',1013, 'delivered','2020-08-30'),
(17,'Kit Kat','Prime',9013,'delivered','2020-09-30'),
(18,'Kit Kat','Prime',9014,'delivered','2020-09-30'),
(19,'Kit Kat','Prime',9015,'delivered','2020-09-30'),
(20,'Kit Kat','Prime',9016,'delivered','2020-09-30'),
(21,'Kit Kat','Prime',9017,'delivered','2020-09-30'),
(22,'Kit Kat','Prime',9018,'delivered','2020-09-30'),
(23,'Kit Kat','Prime',9019,'delivered','2020-09-30'),
(24,'Kit Kat','Prime',9020,'delivered','2020-09-30'),
(25,'Kit Kat','Prime',9021,'delivered','2020-09-30'),
(26,'Kit Kat','Prime',9022,'delivered','2020-09-30'),
(27,'Kit Kat','Prime',9023,'delivered','2020-09-30'),
(28,'Kit Kat','Prime',9024,'delivered','2020-09-30'),
(29,'Kit Kat','Prime',9025,'delivered','2020-09-30'),
(30,'Kit Kat','Prime',9026,'delivered','2020-09-30'),
(31,'Kit Kat','Prime',9027,'delivered','2020-09-30'),
(32,'Kit Kat','Prime',9028,'delivered','2020-09-30'),
(33,'Kit Kat','Prime',9029,'delivered','2020-09-30'),
(34,'Kit Kat','Prime',9030,'delivered','2020-09-30'),
(35,'Kit Kat','Prime',9031,'delivered','2020-09-30'),
(36,'Kit Kat','Prime',9032,'delivered','2020-09-30'),
(37,'Kit Kat','Prime',9033,'delivered','2020-09-30'),
(38,'Kit Kat','Prime',9034,'delivered','2020-09-30'),
(39,'Kit Kat','Prime',9035,'delivered','2020-09-30'),
(40,'Kit Kat','Prime',9036,'delivered','2020-09-30'),
(41,'Kit Kat','Prime',9037,'delivered','2020-09-30'),
(42,'Kit Kat','Prime',9038,'delivered','2020-09-30'),
(43,'Kit Kat','Prime',9039,'delivered','2020-09-30'),
(44,'Kit Kat','Prime',9040,'delivered','2020-09-30'),
(45,'Kit Kat','Prime',9041,'delivered','2020-09-30'),
(46,'Kit Kat','Prime',9042,'delivered','2020-09-30'),
(47,'Kit Kat','Prime',9043,'delivered','2020-09-30'),
(48,'Kit Kat','Prime',9044,'delivered','2020-09-30'),
(49,'Kit Kat','Prime',9045,'delivered','2020-09-30'),
(50,'Kit Kat','Prime',9046,'delivered','2020-09-30'),
(51,'Kit Kat','Prime',9047,'delivered','2020-09-30'),
(52,'Kit Kat','Prime',9048,'delivered','2020-09-30'),
(53,'Kit Kat','Prime',9049,'delivered','2020-09-30'),
(54,'Kit Kat','Prime',9050,'delivered','2020-09-30'),
(55,'Kit Kat','Prime',9051,'delivered','2020-09-30'),
(56,'Kit Kat','Prime',9052,'delivered','2020-09-30'),
(57,'Kit Kat','Prime',9053,'delivered','2020-09-30'),
(58,'Kit Kat','Prime',9054,'delivered','2020-09-30'),
(59,'Kit Kat','Prime',9055,'delivered','2020-09-30'),
(60,'Kit Kat','Prime',9056,'delivered','2020-09-30'),
(61,'Kit Kat','Prime',9057,'delivered','2020-09-30'),
(62,'Kit Kat','Prime',9058,'delivered','2020-09-30'),
(63,'Kit Kat','Prime',9059,'delivered','2020-09-30'),
(64,'Kit Kat','Prime',9060,'delivered','2020-09-30'),
(65,'Kit Kat','Prime',9061,'delivered','2020-09-30'),
(66,'Kit Kat','Prime',9062,'delivered','2020-09-30'),
(67,'Kit Kat','Prime',9063,'delivered','2020-09-30'),
(68,'Kit Kat','Prime',9064,'delivered','2020-09-30'),
(69,'Kit Kat','Prime',9065,'delivered','2020-09-30'),
(70,'Kit Kat','Prime',9066,'delivered','2020-09-30'),
(71,'Kit Kat','Prime',9067,'delivered','2020-09-30'),
(72,'Kit Kat','Prime',9068,'delivered','2020-09-30'),
(73,'Kit Kat','Prime',9069,'delivered','2020-09-30'),
(74,'Kit Kat','Prime',9070,'delivered','2020-09-30'),
(75,'Kit Kat','Prime',9071,'delivered','2020-09-30'),
(76,'Kit Kat','Prime',9072,'delivered','2020-09-30'),
(77,'Kit Kat','Prime',9073,'delivered','2020-09-30'),
(78,'Kit Kat','Prime',9074,'delivered','2020-09-30'),
(79,'Kit Kat','Prime',9075,'delivered','2020-09-30'),
(80,'Kit Kat','Prime',9076,'delivered','2020-09-30'),
(81,'Kit Kat','Prime',9077,'delivered','2020-09-30'),
(82,'Kit Kat','Prime',9078,'delivered','2020-09-30'),
(83,'Kit Kat','Prime',9079,'delivered','2020-09-30'),
(84,'Kit Kat','Prime',9080,'delivered','2020-09-30'),
(85,'Kit Kat','Fairprice',9081,'delivered','2020-09-30'),
(86,'Kit Kat','Fairprice',9082,'delivered','2020-09-30'),
(87,'Kit Kat','Fairprice',9083,'delivered','2020-09-30'),
(88,'Kit Kat','Fairprice',9084,'delivered','2020-09-30'),
(89,'Kit Kat','Fairprice',9085,'delivered','2020-09-30'),
(90,'Kit Kat','Fairprice',9086,'delivered','2020-09-30'),
(91,'Kit Kat','Fairprice',9087,'delivered','2020-09-30'),
(92,'Kit Kat','Fairprice',9088,'delivered','2020-09-30'),
(93,'Kit Kat','Fairprice',9089,'delivered','2020-09-30'),
(94,'Kit Kat','Fairprice',9090,'delivered','2020-09-30'),
(95,'Kit Kat','Fairprice',9091,'delivered','2020-09-30'),
(96,'Kit Kat','Fairprice',9092,'delivered','2020-09-30'),
(97,'Kit Kat','Fairprice',9093,'delivered','2020-09-30'),
(98,'Kit Kat','Fairprice',9094,'delivered','2020-09-30'),
(99,'Kit Kat','Fairprice',9095,'delivered','2020-09-30'),
(100,'Kit Kat','Fairprice',9096,'delivered','2020-09-30'),
(101,'Kit Kat','Fairprice',9097,'delivered','2020-09-30'),
(102,'Kit Kat','Fairprice',9098,'delivered','2020-09-30'),
(103,'Kit Kat','Fairprice',9099,'delivered','2020-09-30'),
(104,'Kit Kat','Fairprice',9100,'delivered','2020-09-30'),
(105,'Kit Kat','Fairprice',9101,'delivered','2020-09-30'),
(106,'Kit Kat','Fairprice',9102,'delivered','2020-09-30'),
(107,'Kit Kat','Fairprice',9103,'delivered','2020-09-30'),
(108,'Kit Kat','Fairprice',9104,'delivered','2020-09-30'),
(109,'Kit Kat','Fairprice',9105,'delivered','2020-09-30'),
(110,'Kit Kat','Fairprice',9106,'delivered','2020-09-30'),
(111,'Kit Kat','Fairprice',9107,'delivered','2020-09-30'),
(112,'Kit Kat','Fairprice',9108,'delivered','2020-09-30'),
(113,'Kit Kat','Fairprice',9109,'delivered','2020-09-30'),
(114,'Kit Kat','Fairprice',9110,'delivered','2020-09-30'),
(115,'Kit Kat','Fairprice',9111,'delivered','2020-09-30'),
(116,'Kit Kat','Fairprice',9112,'delivered','2020-09-30'),
(117,'Kit Kat','Fairprice',9113,'delivered','2020-09-30'),
(118,'Kit Kat','Fairprice',9114,'delivered','2020-09-30'),
(119,'Kit Kat','Fairprice',9115,'delivered','2020-09-30'),
(120,'Kit Kat','Fairprice',9116,'delivered','2020-09-30'),
(121,'Kit Kat','Fairprice',9117,'delivered','2020-09-30'),
(122,'Kit Kat','Fairprice',9118,'delivered','2020-09-30'),
(123,'Kit Kat','Fairprice',9119,'delivered','2020-09-30'),
(124,'Kit Kat','Fairprice',9120,'delivered','2020-09-30'),
(125,'Kit Kat','Fairprice',9121,'delivered','2020-09-30'),
(126,'Kit Kat','Fairprice',9122,'delivered','2020-09-30'),
(127,'Kit Kat','Fairprice',9123,'delivered','2020-09-30'),
(128,'Kit Kat','Fairprice',9124,'delivered','2020-09-30'),
(129,'Kit Kat','Fairprice',9125,'delivered','2020-09-30'),
(130,'Kit Kat','Fairprice',9126,'delivered','2020-09-30'),
(131,'Kit Kat','Fairprice',9127,'delivered','2020-09-30'),
(132,'Kit Kat','Fairprice',9128,'delivered','2020-09-30'),
(133,'Kit Kat','Fairprice',9129,'delivered','2020-09-30'),
(134,'Kit Kat','Fairprice',9130,'delivered','2020-09-30'),
(135,'Kit Kat','Fairprice',9131,'delivered','2020-09-30'),
(136,'Kit Kat','Fairprice',9132,'delivered','2020-09-30'),
(137,'Kit Kat','Fairprice',9133,'delivered','2020-09-30'),
(138,'Kit Kat','Fairprice',9134,'delivered','2020-09-30'),
(139,'Kit Kat','Fairprice',9135,'delivered','2020-09-30'),
(140,'Kit Kat','Fairprice',9136,'delivered','2020-09-30'),
(141,'Kit Kat','Fairprice',9137,'delivered','2020-09-30'),
(142,'Kit Kat','Fairprice',9138,'delivered','2020-09-30'),
(143,'Kit Kat','Fairprice',9139,'delivered','2020-09-30'),
(144,'Kit Kat','Fairprice',9140,'delivered','2020-09-30'),
(145,'Kit Kat','Fairprice',9141,'delivered','2020-09-30'),
(146,'Kit Kat','Fairprice',9142,'delivered','2020-09-30'),
(147,'Pepsi','Fairprice',6009,'delivered','2020-09-30'),
(148,'Pepsi','Fairprice',6010,'delivered','2020-09-30'),
(149,'Pepsi','Fairprice',6011,'delivered','2020-09-30'),
(150,'Pepsi','Fairprice',6012,'delivered','2020-09-30'),
(151,'Pepsi','Fairprice',6013,'delivered','2020-09-30'),
(152,'Pepsi','Fairprice',6014,'delivered','2020-09-30'),
(153,'Pepsi','Fairprice',6015,'delivered','2020-09-30'),
(154,'Pepsi','Fairprice',6016,'delivered','2020-09-30'),
(155,'Pepsi','Fairprice',6017,'delivered','2020-09-30'),
(156,'Pepsi','Fairprice',6018,'delivered','2020-09-30'),
(157,'Pepsi','Fairprice',6019,'delivered','2020-09-30'),
(158,'Pepsi','Fairprice',6020,'delivered','2020-09-30'),
(159,'Pepsi','Fairprice',6021,'delivered','2020-09-30'),
(160,'Pepsi','Fairprice',6022,'delivered','2020-09-30'),
(161,'Pepsi','Fairprice',6023,'delivered','2020-09-30'),
(162,'Pepsi','Fairprice',6024,'delivered','2020-09-30'),
(163,'Pepsi','Fairprice',6025,'delivered','2020-09-30'),
(164,'Pepsi','Fairprice',6026,'delivered','2020-09-30'),
(165,'Pepsi','Fairprice',6027,'delivered','2020-09-30'),
(166,'Pepsi','Fairprice',6028,'delivered','2020-09-30'),
(167,'Pepsi','Fairprice',6029,'delivered','2020-09-30'),
(168,'Pepsi','Fairprice',6030,'delivered','2020-09-30'),
(169,'Pepsi','Fairprice',6031,'delivered','2020-09-30'),
(170,'Pepsi','Fairprice',6032,'delivered','2020-09-30'),
(171,'Pepsi','Fairprice',6033,'delivered','2020-09-30'),
(172,'Pepsi','Fairprice',6034,'delivered','2020-09-30'),
(173,'Pepsi','Fairprice',6035,'delivered','2020-09-30'),
(174,'Pepsi','Fairprice',6036,'delivered','2020-09-30'),
(175,'Pepsi','Fairprice',6037,'delivered','2020-09-30'),
(176,'Pepsi','Fairprice',6038,'delivered','2020-09-30'),
(177,'Pepsi','Fairprice',6039,'delivered','2020-09-30'),
(178,'Pepsi','Fairprice',6040,'delivered','2020-09-30'),
(179,'Pepsi','Fairprice',6041,'delivered','2020-09-30'),
(180,'Pepsi','Fairprice',6042,'delivered','2020-09-30'),
(181,'Pepsi','Fairprice',6043,'delivered','2020-09-30'),
(182,'Pepsi','Fairprice',6044,'delivered','2020-09-30'),
(183,'Pepsi','Fairprice',6045,'delivered','2020-09-30'),
(184,'Pepsi','Fairprice',6046,'delivered','2020-09-30'),
(185,'Pepsi','Fairprice',6047,'delivered','2020-09-30'),
(186,'Pepsi','Fairprice',6048,'delivered','2020-09-30'),
(187,'Pepsi','Fairprice',6049,'delivered','2020-09-30'),
(188,'Pepsi','Fairprice',6050,'delivered','2020-09-30'),
(189,'Pepsi','Fairprice',6051,'delivered','2020-09-30'),
(190,'Pepsi','Fairprice',6052,'delivered','2020-09-30'),
(191,'Pepsi','Fairprice',6053,'delivered','2020-09-30'),
(192,'Pepsi','Fairprice',6054,'delivered','2020-09-30'),
(193,'Pepsi','Fairprice',6055,'delivered','2020-09-30'),
(194,'Pepsi','Fairprice',6056,'delivered','2020-09-30'),
(195,'Pepsi','Fairprice',6057,'delivered','2020-09-30'),
(196,'Pepsi','Fairprice',6058,'delivered','2020-09-30'),
(197,'Pepsi','Fairprice',6059,'delivered','2020-09-30'),
(198,'Pepsi','Fairprice',6060,'delivered','2020-09-30'),
(199,'Pepsi','Fairprice',6061,'delivered','2020-09-30'),
(200,'Pepsi','Fairprice',6062,'delivered','2020-09-30'),
(201,'Pepsi','Fairprice',6063,'delivered','2020-09-30'),
(202,'Pepsi','Fairprice',6064,'delivered','2020-09-30'),
(203,'Pepsi','Fairprice',6065,'delivered','2020-09-30'),
(204,'Pepsi','Fairprice',6066,'delivered','2020-09-30'),
(205,'Pepsi','Fairprice',6067,'delivered','2020-09-30'),
(206,'Pepsi','Fairprice',6068,'delivered','2020-09-30'),
(207,'Pepsi','Fairprice',6069,'delivered','2020-09-30'),
(208,'Pepsi','Fairprice',6070,'delivered','2020-09-30'),
(209,'Pepsi','Fairprice',6071,'delivered','2020-09-30'),
(210,'Pepsi','Fairprice',6072,'delivered','2020-09-30'),
(211,'Pepsi','Fairprice',6073,'delivered','2020-09-30'),
(212,'Pepsi','Fairprice',6074,'delivered','2020-09-30'),
(213,'Pepsi','Fairprice',6075,'delivered','2020-09-30'),
(214,'Pepsi','Fairprice',6076,'delivered','2020-09-30'),
(215,'Pepsi','Fairprice',6077,'delivered','2020-09-30'),
(216,'Pepsi','Fairprice',6078,'delivered','2020-09-30'),
(217,'Pepsi','Fairprice',6079,'delivered','2020-09-30'),
(218,'Pepsi','Fairprice',6080,'delivered','2020-09-30'),
(219,'Pepsi','Fairprice',6081,'delivered','2020-09-30'),
(220,'Pepsi','Fairprice',6082,'delivered','2020-09-30'),
(221,'Pepsi','Fairprice',6083,'delivered','2020-09-30'),
(222,'Pepsi','Fairprice',6084,'delivered','2020-09-30'),
(223,'Pepsi','Fairprice',6085,'delivered','2020-09-30'),
(224,'Pepsi','Fairprice',6086,'delivered','2020-09-30'),
(225,'Pepsi','Fairprice',6087,'delivered','2020-09-30'),
(226,'Pepsi','Fairprice',6088,'delivered','2020-09-30'),
(227,'Pepsi','Fairprice',6089,'delivered','2020-09-30'),
(228,'Pepsi','Fairprice',6090,'delivered','2020-09-30'),
(229,'Pepsi','Fairprice',6091,'delivered','2020-09-30'),
(230,'Pepsi','Fairprice',6092,'delivered','2020-09-30'),
(231,'Pepsi','Fairprice',6093,'delivered','2020-09-30'),
(232,'Pepsi','Fairprice',6094,'delivered','2020-09-30'),
(233,'Pepsi','Fairprice',6095,'delivered','2020-09-30'),
(234,'Pepsi','Fairprice',6096,'delivered','2020-09-30'),
(235,'Pepsi','Fairprice',6097,'delivered','2020-09-30'),
(236,'Pepsi','Fairprice',6098,'delivered','2020-09-30'),
(237,'Pepsi','Fairprice',6099,'delivered','2020-09-30'),
(238,'Pepsi','Fairprice',6100,'delivered','2020-09-30'),
(239,'Pepsi','Fairprice',6101,'delivered','2020-09-30'),
(240,'Pepsi','Fairprice',6102,'delivered','2020-09-30'),
(241,'Pepsi','Fairprice',6103,'delivered','2020-09-30'),
(242,'Pepsi','Fairprice',6104,'delivered','2020-09-30'),
(243,'Pepsi','Fairprice',6105,'delivered','2020-09-30'),
(244,'Pepsi','Fairprice',6106,'delivered','2020-09-30'),
(245,'Pepsi','Fairprice',6107,'delivered','2020-09-30'),
(246,'Pepsi','Fairprice',6108,'delivered','2020-09-30'),
(247,'Pepsi','Fairprice',6109,'delivered','2020-09-30'),
(248,'Pepsi','Fairprice',6110,'delivered','2020-09-30'),
(249,'Pepsi','Fairprice',6111,'delivered','2020-09-30'),
(250,'Pepsi','Fairprice',6112,'delivered','2020-09-30'),
(251,'Pepsi','Fairprice',6113,'delivered','2020-09-30'),
(252,'Pepsi','Fairprice',6114,'delivered','2020-09-30'),
(253,'Pepsi','Fairprice',6115,'delivered','2020-09-30'),
(254,'Pepsi','Fairprice',6116,'delivered','2020-09-30'),
(255,'Pepsi','Fairprice',6117,'delivered','2020-09-30'),
(256,'Pepsi','Fairprice',6118,'delivered','2020-09-30'),
(257,'Pepsi','Fairprice',6119,'delivered','2020-09-30'),
(258,'Pepsi','Fairprice',6120,'delivered','2020-09-30'),
(259,'Pepsi','Fairprice',6121,'delivered','2020-09-30'),
(260,'Pepsi','Fairprice',6122,'delivered','2020-09-30'),
(261,'Pepsi','Fairprice',6123,'delivered','2020-09-30'),
(262,'Pepsi','Fairprice',6124,'delivered','2020-09-30'),
(263,'Pepsi','Fairprice',6125,'delivered','2020-09-30'),
(264,'Pepsi','Fairprice',6126,'delivered','2020-09-30'),
(265,'Pepsi','Fairprice',6127,'delivered','2020-09-30'),
(266,'Pepsi','Fairprice',6128,'delivered','2020-09-30'),
(267,'Pepsi','Fairprice',6129,'delivered','2020-09-30'),
(268,'Pepsi','Fairprice',6130,'delivered','2020-09-30'),
(269,'Pepsi','Fairprice',6131,'delivered','2020-09-30'),
(270,'Pepsi','Fairprice',6132,'delivered','2020-09-30'),
(271,'Pepsi','Fairprice',6133,'delivered','2020-09-30'),
(272,'Pepsi','Fairprice',6134,'delivered','2020-09-30'),
(273,'Pepsi','Fairprice',6135,'delivered','2020-09-30'),
(274,'Pepsi','Fairprice',6136,'delivered','2020-09-30'),
(275,'Pepsi','Fairprice',6137,'delivered','2020-09-30'),
(276,'Pepsi','Fairprice',6138,'delivered','2020-09-30');

INSERT INTO Price_history
VALUES
(1000,'2020-06-01','2020-10-01',1050),
(1001,'2020-06-01','2020-10-01',1050),
(1002,'2020-06-01','2020-10-01',1050),
(1003,'2020-06-01','2020-10-01',1050),
(1004,'2020-06-01','2020-10-01',1050),
(1005,'2020-06-01','2020-10-01',1050),
(1006,'2020-06-01','2020-10-01',1050),
(1000,'2020-10-01',NULL,1000),
(1001,'2020-10-01',NULL,1000),
(1002,'2020-10-01',NULL,1000),
(1003,'2020-10-01',NULL,1000),
(1004,'2020-10-01',NULL,1000),
(1005,'2020-10-01',NULL,1000),
(1006,'2020-10-01',NULL,1000),
(1007,'2020-06-01','2020-08-01',1060),
(1008,'2020-06-01','2020-08-01',1060),
(1009,'2020-06-01','2020-08-01',1060),
(1010,'2020-06-01','2020-08-01',1060),
(1011,'2020-06-01','2020-08-01',1060),
(1007,'2020-08-01','2020-10-01',1050),
(1008,'2020-08-01','2020-10-01',1050),
(1009,'2020-08-01','2020-10-01',1050),
(1010,'2020-08-01','2020-10-01',1050),
(1011,'2020-08-01','2020-10-01',1050),
(1007,'2020-10-01',NULL,1000),
(1008,'2020-10-01',NULL,1000),
(1009,'2020-10-01',NULL,1000),
(1010,'2020-10-01',NULL,1000),
(1011,'2020-10-01',NULL,1000),
(1012,'2020-06-01','2020-08-01',1060),
(1013,'2020-06-01','2020-08-01',1060),
(1014,'2020-06-01','2020-08-01',1060),
(1015,'2020-06-01','2020-08-01',1060),
(1016,'2020-06-01','2020-08-01',1060),
(1017,'2020-06-01','2020-08-01',1060),
(1012,'2020-08-01','2020-10-01',1050),
(1013,'2020-08-01','2020-10-01',1050),
(1014,'2020-08-01','2020-10-01',1050),
(1015,'2020-08-01','2020-10-01',1050),
(1016,'2020-08-01','2020-10-01',1050),
(1017,'2020-08-01','2020-10-01',1050),
(1012,'2020-10-01',NULL,1040),
(1013,'2020-10-01',NULL,1040),
(1014,'2020-10-01',NULL,1040),
(1015,'2020-10-01',NULL,1040),
(1016,'2020-10-01',NULL,1040),
(1017,'2020-10-01',NULL,1040),
(2000,'2020-06-01','2020-10-01',1040),
(2001,'2020-06-01','2020-10-01',1040),
(2002,'2020-06-01','2020-10-01',1040),
(2003,'2020-06-01','2020-10-01',1040),
(2004,'2020-06-01','2020-10-01',1040),
(2000,'2020-10-01',NULL,1050),
(2001,'2020-10-01',NULL,1050),
(2002,'2020-10-01',NULL,1050),
(2003,'2020-10-01',NULL,1050),
(2004,'2020-10-01',NULL,1050),
(2005,'2020-06-01','2020-08-01',1060),
(2006,'2020-06-01','2020-08-01',1060),
(2007,'2020-06-01','2020-08-01',1060),
(2008,'2020-06-01','2020-08-01',1060),
(2009,'2020-06-01','2020-08-01',1060),
(2010,'2020-06-01','2020-08-01',1060),
(2011,'2020-06-01','2020-08-01',1060),
(2005,'2020-08-01','2020-10-01',1040),
(2006,'2020-08-01','2020-10-01',1040),
(2007,'2020-08-01','2020-10-01',1040),
(2008,'2020-08-01','2020-10-01',1040),
(2009,'2020-08-01','2020-10-01',1040),
(2010,'2020-08-01','2020-10-01',1040),
(2011,'2020-08-01','2020-10-01',1040),
(2005,'2020-10-01',NULL,1050),
(2006,'2020-10-01',NULL,1050),
(2007,'2020-10-01',NULL,1050),
(2008,'2020-10-01',NULL,1050),
(2009,'2020-10-01',NULL,1050),
(2010,'2020-10-01',NULL,1050),
(2011,'2020-10-01',NULL,1050),
(2012,'2020-06-01','2020-10-01',1070),
(2013,'2020-06-01','2020-10-01',1070),
(2014,'2020-06-01','2020-10-01',1070),
(2015,'2020-06-01','2020-10-01',1070),
(2016,'2020-06-01','2020-10-01',1070),
(2017,'2020-06-01','2020-10-01',1070),
(2012,'2020-10-01',NULL,1060),
(2013,'2020-10-01',NULL,1060),
(2014,'2020-10-01',NULL,1060),
(2015,'2020-10-01',NULL,1060),
(2016,'2020-10-01',NULL,1060),
(2017,'2020-10-01',NULL,1060),
(3000,'2020-06-01','2020-08-01',910),
(3001,'2020-06-01','2020-08-01',910),
(3002,'2020-06-01','2020-08-01',910),
(3003,'2020-06-01','2020-08-01',910),
(3004,'2020-06-01','2020-08-01',910),
(3005,'2020-06-01','2020-08-01',910),
(3006,'2020-06-01','2020-08-01',910),
(3000,'2020-08-01','2020-10-01',905),
(3001,'2020-08-01','2020-10-01',905),
(3002,'2020-08-01','2020-10-01',905),
(3003,'2020-08-01','2020-10-01',905),
(3004,'2020-08-01','2020-10-01',905),
(3005,'2020-08-01','2020-10-01',905),
(3006,'2020-08-01','2020-10-01',905),
(3000,'2020-10-01',NULL,900),
(3001,'2020-10-01',NULL,900),
(3002,'2020-10-01',NULL,900),
(3003,'2020-10-01',NULL,900),
(3004,'2020-10-01',NULL,900),
(3005,'2020-10-01',NULL,900),
(3006,'2020-10-01',NULL,900),
(3007,'2020-06-01','2020-10-01',920),
(3008,'2020-06-01','2020-10-01',920),
(3009,'2020-06-01','2020-10-01',920),
(3010,'2020-06-01','2020-10-01',920),
(3011,'2020-06-01','2020-10-01',920),
(3012,'2020-06-01','2020-10-01',920),
(3013,'2020-06-01','2020-10-01',920),
(3014,'2020-06-01','2020-10-01',920),
(3008,'2020-10-01',NULL,910),
(3009,'2020-10-01',NULL,910),
(3010,'2020-10-01',NULL,910),
(3011,'2020-10-01',NULL,910),
(3012,'2020-10-01',NULL,910),
(3013,'2020-10-01',NULL,910),
(3014,'2020-10-01',NULL,910),
(4000,'2020-06-01','2020-08-01',440),
(4001,'2020-06-01','2020-08-01',440),
(4002,'2020-06-01','2020-08-01',440),
(4003,'2020-06-01','2020-08-01',440),
(4004,'2020-06-01','2020-08-01',440),
(4005,'2020-06-01','2020-08-01',440),
(4006,'2020-06-01','2020-08-01',440),
(4007,'2020-06-01','2020-08-01',440),
(4008,'2020-06-01','2020-08-01',440),
(4009,'2020-06-01','2020-08-01',440),
(4010,'2020-06-01','2020-08-01',440),
(4000,'2020-08-01','2020-10-01',450),
(4001,'2020-08-01','2020-10-01',450),
(4002,'2020-08-01','2020-10-01',450),
(4003,'2020-08-01','2020-10-01',450),
(4004,'2020-08-01','2020-10-01',450),
(4005,'2020-08-01','2020-10-01',450),
(4006,'2020-08-01','2020-10-01',450),
(4007,'2020-08-01','2020-10-01',450),
(4008,'2020-08-01','2020-10-01',450),
(4009,'2020-08-01','2020-10-01',450),
(4010,'2020-08-01','2020-10-01',450),
(4000,'2020-10-01',NULL,445),
(4001,'2020-10-01',NULL,445),
(4002,'2020-10-01',NULL,445),
(4003,'2020-10-01',NULL,445),
(4004,'2020-10-01',NULL,445),
(4005,'2020-10-01',NULL,445),
(4006,'2020-10-01',NULL,445),
(4007,'2020-10-01',NULL,445),
(4008,'2020-10-01',NULL,445),
(4009,'2020-10-01',NULL,445),
(4010,'2020-10-01',NULL,445),
(4011,'2020-06-01','2020-08-01',460),
(4012,'2020-06-01','2020-08-01',460),
(4013,'2020-06-01','2020-08-01',460),
(4014,'2020-06-01','2020-08-01',460),
(4015,'2020-06-01','2020-08-01',460),
(4016,'2020-06-01','2020-08-01',460),
(4017,'2020-06-01','2020-08-01',460),
(4018,'2020-06-01','2020-08-01',460),
(4011,'2020-08-01','2020-10-01',450),
(4012,'2020-08-01','2020-10-01',450),
(4013,'2020-08-01','2020-10-01',450),
(4014,'2020-08-01','2020-10-01',450),
(4015,'2020-08-01','2020-10-01',450),
(4016,'2020-08-01','2020-10-01',450),
(4017,'2020-08-01','2020-10-01',450),
(4018,'2020-08-01','2020-10-01',450),
(4011,'2020-10-01',NULL,455),
(4012,'2020-10-01',NULL,455),
(4013,'2020-10-01',NULL,455),
(4014,'2020-10-01',NULL,455),
(4015,'2020-10-01',NULL,455),
(4016,'2020-10-01',NULL,455),
(4017,'2020-10-01',NULL,455),
(4018,'2020-10-01',NULL,455),
(5000,'2020-06-01','2020-08-01',1),
(5001,'2020-06-01','2020-08-01',1),
(5002,'2020-06-01','2020-08-01',1),
(5003,'2020-06-01','2020-08-01',1),
(5004,'2020-06-01','2020-08-01',1),
(5005,'2020-06-01','2020-08-01',1),
(5006,'2020-06-01','2020-08-01',1),
(5000,'2020-08-01','2020-10-01',2),
(5001,'2020-08-01','2020-10-01',2),
(5002,'2020-08-01','2020-10-01',2),
(5003,'2020-08-01','2020-10-01',2),
(5004,'2020-08-01','2020-10-01',2),
(5005,'2020-08-01','2020-10-01',2),
(5006,'2020-08-01','2020-10-01',2),
(5000,'2020-10-01',NULL,1.5),
(5001,'2020-10-01',NULL,1.5),
(5002,'2020-10-01',NULL,1.5),
(5003,'2020-10-01',NULL,1.5),
(5004,'2020-10-01',NULL,1.5),
(5005,'2020-10-01',NULL,1.5),
(5006,'2020-10-01',NULL,1.5),
(5007,'2020-06-01','2020-08-01',1.3),
(5008,'2020-06-01','2020-08-01',1.3),
(5009,'2020-06-01','2020-08-01',1.3),
(5010,'2020-06-01','2020-08-01',1.3),
(5011,'2020-06-01','2020-08-01',1.3),
(5012,'2020-06-01','2020-08-01',1.3),
(5013,'2020-06-01','2020-08-01',1.3),
(5014,'2020-06-01','2020-08-01',1.3),
(5015,'2020-06-01','2020-08-01',1.3),
(5007,'2020-08-01','2020-10-01',1.5),
(5008,'2020-08-01','2020-10-01',1.5),
(5009,'2020-08-01','2020-10-01',1.5),
(5010,'2020-08-01','2020-10-01',1.5),
(5011,'2020-08-01','2020-10-01',1.5),
(5012,'2020-08-01','2020-10-01',1.5),
(5013,'2020-08-01','2020-10-01',1.5),
(5014,'2020-08-01','2020-10-01',1.5),
(5015,'2020-08-01','2020-10-01',1.5),
(5007,'2020-10-01',NULL,1.6),
(5008,'2020-10-01',NULL,1.6),
(5009,'2020-10-01',NULL,1.6),
(5010,'2020-10-01',NULL,1.6),
(5011,'2020-10-01',NULL,1.6),
(5012,'2020-10-01',NULL,1.6),
(5013,'2020-10-01',NULL,1.6),
(5014,'2020-10-01',NULL,1.6),
(5015,'2020-10-01',NULL,1.6),
(6000,'2020-06-01','2020-08-01',1.3),
(6001,'2020-06-01','2020-08-01',1.3),
(6002,'2020-06-01','2020-08-01',1.3),
(6003,'2020-06-01','2020-08-01',1.3),
(6004,'2020-06-01','2020-08-01',1.3),
(6005,'2020-06-01','2020-08-01',1.3),
(6006,'2020-06-01','2020-08-01',1.3),
(6007,'2020-06-01','2020-08-01',1.3),
(6008,'2020-06-01','2020-08-01',1.3),
(6000,'2020-08-01','2020-10-01',1.6),
(6001,'2020-08-01','2020-10-01',1.6),
(6002,'2020-08-01','2020-10-01',1.6),
(6003,'2020-08-01','2020-10-01',1.6),
(6004,'2020-08-01','2020-10-01',1.6),
(6005,'2020-08-01','2020-10-01',1.6),
(6006,'2020-08-01','2020-10-01',1.6),
(6007,'2020-08-01','2020-10-01',1.6),
(6008,'2020-08-01','2020-10-01',1.6),
(6000,'2020-10-01',NULL,1.5),
(6001,'2020-10-01',NULL,1.5),
(6002,'2020-10-01',NULL,1.5),
(6003,'2020-10-01',NULL,1.5),
(6004,'2020-10-01',NULL,1.5),
(6005,'2020-10-01',NULL,1.5),
(6006,'2020-10-01',NULL,1.5),
(6007,'2020-10-01',NULL,1.5),
(6008,'2020-10-01',NULL,1.5),
(6009,'2020-06-01','2020-08-01',1.3),
(6010,'2020-06-01','2020-08-01',1.3),
(6011,'2020-06-01','2020-08-01',1.3),
(6012,'2020-06-01','2020-08-01',1.3),
(6013,'2020-06-01','2020-08-01',1.3),
(6014,'2020-06-01','2020-08-01',1.3),
(6015,'2020-06-01','2020-08-01',1.3),
(6016,'2020-06-01','2020-08-01',1.3),
(6017,'2020-06-01','2020-08-01',1.3),
(6018,'2020-06-01','2020-08-01',1.3),
(6019,'2020-06-01','2020-08-01',1.3),
(6020,'2020-06-01','2020-08-01',1.3),
(6021,'2020-06-01','2020-08-01',1.3),
(6022,'2020-06-01','2020-08-01',1.3),
(6023,'2020-06-01','2020-08-01',1.3),
(6024,'2020-06-01','2020-08-01',1.3),
(6025,'2020-06-01','2020-08-01',1.3),
(6026,'2020-06-01','2020-08-01',1.3),
(6027,'2020-06-01','2020-08-01',1.3),
(6028,'2020-06-01','2020-08-01',1.3),
(6029,'2020-06-01','2020-08-01',1.3),
(6030,'2020-06-01','2020-08-01',1.3),
(6031,'2020-06-01','2020-08-01',1.3),
(6032,'2020-06-01','2020-08-01',1.3),
(6033,'2020-06-01','2020-08-01',1.3),
(6034,'2020-06-01','2020-08-01',1.3),
(6035,'2020-06-01','2020-08-01',1.3),
(6036,'2020-06-01','2020-08-01',1.3),
(6037,'2020-06-01','2020-08-01',1.3),
(6038,'2020-06-01','2020-08-01',1.3),
(6039,'2020-06-01','2020-08-01',1.3),
(6040,'2020-06-01','2020-08-01',1.3),
(6041,'2020-06-01','2020-08-01',1.3),
(6042,'2020-06-01','2020-08-01',1.3),
(6043,'2020-06-01','2020-08-01',1.3),
(6044,'2020-06-01','2020-08-01',1.3),
(6045,'2020-06-01','2020-08-01',1.3),
(6046,'2020-06-01','2020-08-01',1.3),
(6047,'2020-06-01','2020-08-01',1.3),
(6048,'2020-06-01','2020-08-01',1.3),
(6049,'2020-06-01','2020-08-01',1.3),
(6050,'2020-06-01','2020-08-01',1.3),
(6051,'2020-06-01','2020-08-01',1.3),
(6052,'2020-06-01','2020-08-01',1.3),
(6053,'2020-06-01','2020-08-01',1.3),
(6054,'2020-06-01','2020-08-01',1.3),
(6055,'2020-06-01','2020-08-01',1.3),
(6056,'2020-06-01','2020-08-01',1.3),
(6057,'2020-06-01','2020-08-01',1.3),
(6058,'2020-06-01','2020-08-01',1.3),
(6059,'2020-06-01','2020-08-01',1.3),
(6060,'2020-06-01','2020-08-01',1.3),
(6061,'2020-06-01','2020-08-01',1.3),
(6062,'2020-06-01','2020-08-01',1.3),
(6063,'2020-06-01','2020-08-01',1.3),
(6064,'2020-06-01','2020-08-01',1.3),
(6065,'2020-06-01','2020-08-01',1.3),
(6066,'2020-06-01','2020-08-01',1.3),
(6067,'2020-06-01','2020-08-01',1.3),
(6068,'2020-06-01','2020-08-01',1.3),
(6069,'2020-06-01','2020-08-01',1.3),
(6070,'2020-06-01','2020-08-01',1.3),
(6071,'2020-06-01','2020-08-01',1.3),
(6072,'2020-06-01','2020-08-01',1.3),
(6073,'2020-06-01','2020-08-01',1.3),
(6074,'2020-06-01','2020-08-01',1.3),
(6075,'2020-06-01','2020-08-01',1.3),
(6076,'2020-06-01','2020-08-01',1.3),
(6077,'2020-06-01','2020-08-01',1.3),
(6078,'2020-06-01','2020-08-01',1.3),
(6079,'2020-06-01','2020-08-01',1.3),
(6080,'2020-06-01','2020-08-01',1.3),
(6081,'2020-06-01','2020-08-01',1.3),
(6082,'2020-06-01','2020-08-01',1.3),
(6083,'2020-06-01','2020-08-01',1.3),
(6084,'2020-06-01','2020-08-01',1.3),
(6085,'2020-06-01','2020-08-01',1.3),
(6086,'2020-06-01','2020-08-01',1.3),
(6087,'2020-06-01','2020-08-01',1.3),
(6088,'2020-06-01','2020-08-01',1.3),
(6089,'2020-06-01','2020-08-01',1.3),
(6090,'2020-06-01','2020-08-01',1.3),
(6091,'2020-06-01','2020-08-01',1.3),
(6092,'2020-06-01','2020-08-01',1.3),
(6093,'2020-06-01','2020-08-01',1.3),
(6094,'2020-06-01','2020-08-01',1.3),
(6095,'2020-06-01','2020-08-01',1.3),
(6096,'2020-06-01','2020-08-01',1.3),
(6097,'2020-06-01','2020-08-01',1.3),
(6098,'2020-06-01','2020-08-01',1.3),
(6099,'2020-06-01','2020-08-01',1.3),
(6100,'2020-06-01','2020-08-01',1.3),
(6101,'2020-06-01','2020-08-01',1.3),
(6102,'2020-06-01','2020-08-01',1.3),
(6103,'2020-06-01','2020-08-01',1.3),
(6104,'2020-06-01','2020-08-01',1.3),
(6105,'2020-06-01','2020-08-01',1.3),
(6106,'2020-06-01','2020-08-01',1.3),
(6107,'2020-06-01','2020-08-01',1.3),
(6108,'2020-06-01','2020-08-01',1.3),
(6109,'2020-06-01','2020-08-01',1.3),
(6110,'2020-06-01','2020-08-01',1.3),
(6111,'2020-06-01','2020-08-01',1.3),
(6112,'2020-06-01','2020-08-01',1.3),
(6113,'2020-06-01','2020-08-01',1.3),
(6114,'2020-06-01','2020-08-01',1.3),
(6115,'2020-06-01','2020-08-01',1.3),
(6116,'2020-06-01','2020-08-01',1.3),
(6117,'2020-06-01','2020-08-01',1.3),
(6118,'2020-06-01','2020-08-01',1.3),
(6119,'2020-06-01','2020-08-01',1.3),
(6120,'2020-06-01','2020-08-01',1.3),
(6121,'2020-06-01','2020-08-01',1.3),
(6122,'2020-06-01','2020-08-01',1.3),
(6123,'2020-06-01','2020-08-01',1.3),
(6124,'2020-06-01','2020-08-01',1.3),
(6125,'2020-06-01','2020-08-01',1.3),
(6126,'2020-06-01','2020-08-01',1.3),
(6127,'2020-06-01','2020-08-01',1.3),
(6128,'2020-06-01','2020-08-01',1.3),
(6129,'2020-06-01','2020-08-01',1.3),
(6130,'2020-06-01','2020-08-01',1.3),
(6131,'2020-06-01','2020-08-01',1.3),
(6132,'2020-06-01','2020-08-01',1.3),
(6133,'2020-06-01','2020-08-01',1.3),
(6134,'2020-06-01','2020-08-01',1.3),
(6135,'2020-06-01','2020-08-01',1.3),
(6136,'2020-06-01','2020-08-01',1.3),
(6137,'2020-06-01','2020-08-01',1.3),
(6138,'2020-06-01','2020-08-01',1.3),
(6009,'2020-08-01','2020-10-01',1.6),
(6010,'2020-08-01','2020-10-01',1.6),
(6011,'2020-08-01','2020-10-01',1.6),
(6012,'2020-08-01','2020-10-01',1.6),
(6013,'2020-08-01','2020-10-01',1.6),
(6014,'2020-08-01','2020-10-01',1.6),
(6015,'2020-08-01','2020-10-01',1.6),
(6016,'2020-08-01','2020-10-01',1.6),
(6017,'2020-08-01','2020-10-01',1.6),
(6018,'2020-08-01','2020-10-01',1.6),
(6019,'2020-08-01','2020-10-01',1.6),
(6020,'2020-08-01','2020-10-01',1.6),
(6021,'2020-08-01','2020-10-01',1.6),
(6022,'2020-08-01','2020-10-01',1.6),
(6023,'2020-08-01','2020-10-01',1.6),
(6024,'2020-08-01','2020-10-01',1.6),
(6025,'2020-08-01','2020-10-01',1.6),
(6026,'2020-08-01','2020-10-01',1.6),
(6027,'2020-08-01','2020-10-01',1.6),
(6028,'2020-08-01','2020-10-01',1.6),
(6029,'2020-08-01','2020-10-01',1.6),
(6030,'2020-08-01','2020-10-01',1.6),
(6031,'2020-08-01','2020-10-01',1.6),
(6032,'2020-08-01','2020-10-01',1.6),
(6033,'2020-08-01','2020-10-01',1.6),
(6034,'2020-08-01','2020-10-01',1.6),
(6035,'2020-08-01','2020-10-01',1.6),
(6036,'2020-08-01','2020-10-01',1.6),
(6037,'2020-08-01','2020-10-01',1.6),
(6038,'2020-08-01','2020-10-01',1.6),
(6039,'2020-08-01','2020-10-01',1.6),
(6040,'2020-08-01','2020-10-01',1.6),
(6041,'2020-08-01','2020-10-01',1.6),
(6042,'2020-08-01','2020-10-01',1.6),
(6043,'2020-08-01','2020-10-01',1.6),
(6044,'2020-08-01','2020-10-01',1.6),
(6045,'2020-08-01','2020-10-01',1.6),
(6046,'2020-08-01','2020-10-01',1.6),
(6047,'2020-08-01','2020-10-01',1.6),
(6048,'2020-08-01','2020-10-01',1.6),
(6049,'2020-08-01','2020-10-01',1.6),
(6050,'2020-08-01','2020-10-01',1.6),
(6051,'2020-08-01','2020-10-01',1.6),
(6052,'2020-08-01','2020-10-01',1.6),
(6053,'2020-08-01','2020-10-01',1.6),
(6054,'2020-08-01','2020-10-01',1.6),
(6055,'2020-08-01','2020-10-01',1.6),
(6056,'2020-08-01','2020-10-01',1.6),
(6057,'2020-08-01','2020-10-01',1.6),
(6058,'2020-08-01','2020-10-01',1.6),
(6059,'2020-08-01','2020-10-01',1.6),
(6060,'2020-08-01','2020-10-01',1.6),
(6061,'2020-08-01','2020-10-01',1.6),
(6062,'2020-08-01','2020-10-01',1.6),
(6063,'2020-08-01','2020-10-01',1.6),
(6064,'2020-08-01','2020-10-01',1.6),
(6065,'2020-08-01','2020-10-01',1.6),
(6066,'2020-08-01','2020-10-01',1.6),
(6067,'2020-08-01','2020-10-01',1.6),
(6068,'2020-08-01','2020-10-01',1.6),
(6069,'2020-08-01','2020-10-01',1.6),
(6070,'2020-08-01','2020-10-01',1.6),
(6071,'2020-08-01','2020-10-01',1.6),
(6072,'2020-08-01','2020-10-01',1.6),
(6073,'2020-08-01','2020-10-01',1.6),
(6074,'2020-08-01','2020-10-01',1.6),
(6075,'2020-08-01','2020-10-01',1.6),
(6076,'2020-08-01','2020-10-01',1.6),
(6077,'2020-08-01','2020-10-01',1.6),
(6078,'2020-08-01','2020-10-01',1.6),
(6079,'2020-08-01','2020-10-01',1.6),
(6080,'2020-08-01','2020-10-01',1.6),
(6081,'2020-08-01','2020-10-01',1.6),
(6082,'2020-08-01','2020-10-01',1.6),
(6083,'2020-08-01','2020-10-01',1.6),
(6084,'2020-08-01','2020-10-01',1.6),
(6085,'2020-08-01','2020-10-01',1.6),
(6086,'2020-08-01','2020-10-01',1.6),
(6087,'2020-08-01','2020-10-01',1.6),
(6088,'2020-08-01','2020-10-01',1.6),
(6089,'2020-08-01','2020-10-01',1.6),
(6090,'2020-08-01','2020-10-01',1.6),
(6091,'2020-08-01','2020-10-01',1.6),
(6092,'2020-08-01','2020-10-01',1.6),
(6093,'2020-08-01','2020-10-01',1.6),
(6094,'2020-08-01','2020-10-01',1.6),
(6095,'2020-08-01','2020-10-01',1.6),
(6096,'2020-08-01','2020-10-01',1.6),
(6097,'2020-08-01','2020-10-01',1.6),
(6098,'2020-08-01','2020-10-01',1.6),
(6099,'2020-08-01','2020-10-01',1.6),
(6100,'2020-08-01','2020-10-01',1.6),
(6101,'2020-08-01','2020-10-01',1.6),
(6102,'2020-08-01','2020-10-01',1.6),
(6103,'2020-08-01','2020-10-01',1.6),
(6104,'2020-08-01','2020-10-01',1.6),
(6105,'2020-08-01','2020-10-01',1.6),
(6106,'2020-08-01','2020-10-01',1.6),
(6107,'2020-08-01','2020-10-01',1.6),
(6108,'2020-08-01','2020-10-01',1.6),
(6109,'2020-08-01','2020-10-01',1.6),
(6110,'2020-08-01','2020-10-01',1.6),
(6111,'2020-08-01','2020-10-01',1.6),
(6112,'2020-08-01','2020-10-01',1.6),
(6113,'2020-08-01','2020-10-01',1.6),
(6114,'2020-08-01','2020-10-01',1.6),
(6115,'2020-08-01','2020-10-01',1.6),
(6116,'2020-08-01','2020-10-01',1.6),
(6117,'2020-08-01','2020-10-01',1.6),
(6118,'2020-08-01','2020-10-01',1.6),
(6119,'2020-08-01','2020-10-01',1.6),
(6120,'2020-08-01','2020-10-01',1.6),
(6121,'2020-08-01','2020-10-01',1.6),
(6122,'2020-08-01','2020-10-01',1.6),
(6123,'2020-08-01','2020-10-01',1.6),
(6124,'2020-08-01','2020-10-01',1.6),
(6125,'2020-08-01','2020-10-01',1.6),
(6126,'2020-08-01','2020-10-01',1.6),
(6127,'2020-08-01','2020-10-01',1.6),
(6128,'2020-08-01','2020-10-01',1.6),
(6129,'2020-08-01','2020-10-01',1.6),
(6130,'2020-08-01','2020-10-01',1.6),
(6131,'2020-08-01','2020-10-01',1.6),
(6132,'2020-08-01','2020-10-01',1.6),
(6133,'2020-08-01','2020-10-01',1.6),
(6134,'2020-08-01','2020-10-01',1.6),
(6135,'2020-08-01','2020-10-01',1.6),
(6136,'2020-08-01','2020-10-01',1.6),
(6137,'2020-08-01','2020-10-01',1.6),
(6138,'2020-08-01','2020-10-01',1.6),
(6009,'2020-10-01',NULL,1.5),
(6010,'2020-10-01',NULL,1.5),
(6011,'2020-10-01',NULL,1.5),
(6012,'2020-10-01',NULL,1.5),
(6013,'2020-10-01',NULL,1.5),
(6014,'2020-10-01',NULL,1.5),
(6015,'2020-10-01',NULL,1.5),
(6016,'2020-10-01',NULL,1.5),
(6017,'2020-10-01',NULL,1.5),
(6018,'2020-10-01',NULL,1.5),
(6019,'2020-10-01',NULL,1.5),
(6020,'2020-10-01',NULL,1.5),
(6021,'2020-10-01',NULL,1.5),
(6022,'2020-10-01',NULL,1.5),
(6023,'2020-10-01',NULL,1.5),
(6024,'2020-10-01',NULL,1.5),
(6025,'2020-10-01',NULL,1.5),
(6026,'2020-10-01',NULL,1.5),
(6027,'2020-10-01',NULL,1.5),
(6028,'2020-10-01',NULL,1.5),
(6029,'2020-10-01',NULL,1.5),
(6030,'2020-10-01',NULL,1.5),
(6031,'2020-10-01',NULL,1.5),
(6032,'2020-10-01',NULL,1.5),
(6033,'2020-10-01',NULL,1.5),
(6034,'2020-10-01',NULL,1.5),
(6035,'2020-10-01',NULL,1.5),
(6036,'2020-10-01',NULL,1.5),
(6037,'2020-10-01',NULL,1.5),
(6038,'2020-10-01',NULL,1.5),
(6039,'2020-10-01',NULL,1.5),
(6040,'2020-10-01',NULL,1.5),
(6041,'2020-10-01',NULL,1.5),
(6042,'2020-10-01',NULL,1.5),
(6043,'2020-10-01',NULL,1.5),
(6044,'2020-10-01',NULL,1.5),
(6045,'2020-10-01',NULL,1.5),
(6046,'2020-10-01',NULL,1.5),
(6047,'2020-10-01',NULL,1.5),
(6048,'2020-10-01',NULL,1.5),
(6049,'2020-10-01',NULL,1.5),
(6050,'2020-10-01',NULL,1.5),
(6051,'2020-10-01',NULL,1.5),
(6052,'2020-10-01',NULL,1.5),
(6053,'2020-10-01',NULL,1.5),
(6054,'2020-10-01',NULL,1.5),
(6055,'2020-10-01',NULL,1.5),
(6056,'2020-10-01',NULL,1.5),
(6057,'2020-10-01',NULL,1.5),
(6058,'2020-10-01',NULL,1.5),
(6059,'2020-10-01',NULL,1.5),
(6060,'2020-10-01',NULL,1.5),
(6061,'2020-10-01',NULL,1.5),
(6062,'2020-10-01',NULL,1.5),
(6063,'2020-10-01',NULL,1.5),
(6064,'2020-10-01',NULL,1.5),
(6065,'2020-10-01',NULL,1.5),
(6066,'2020-10-01',NULL,1.5),
(6067,'2020-10-01',NULL,1.5),
(6068,'2020-10-01',NULL,1.5),
(6069,'2020-10-01',NULL,1.5),
(6070,'2020-10-01',NULL,1.5),
(6071,'2020-10-01',NULL,1.5),
(6072,'2020-10-01',NULL,1.5),
(6073,'2020-10-01',NULL,1.5),
(6074,'2020-10-01',NULL,1.5),
(6075,'2020-10-01',NULL,1.5),
(6076,'2020-10-01',NULL,1.5),
(6077,'2020-10-01',NULL,1.5),
(6078,'2020-10-01',NULL,1.5),
(6079,'2020-10-01',NULL,1.5),
(6080,'2020-10-01',NULL,1.5),
(6081,'2020-10-01',NULL,1.5),
(6082,'2020-10-01',NULL,1.5),
(6083,'2020-10-01',NULL,1.5),
(6084,'2020-10-01',NULL,1.5),
(6085,'2020-10-01',NULL,1.5),
(6086,'2020-10-01',NULL,1.5),
(6087,'2020-10-01',NULL,1.5),
(6088,'2020-10-01',NULL,1.5),
(6089,'2020-10-01',NULL,1.5),
(6090,'2020-10-01',NULL,1.5),
(6091,'2020-10-01',NULL,1.5),
(6092,'2020-10-01',NULL,1.5),
(6093,'2020-10-01',NULL,1.5),
(6094,'2020-10-01',NULL,1.5),
(6095,'2020-10-01',NULL,1.5),
(6096,'2020-10-01',NULL,1.5),
(6097,'2020-10-01',NULL,1.5),
(6098,'2020-10-01',NULL,1.5),
(6099,'2020-10-01',NULL,1.5),
(6100,'2020-10-01',NULL,1.5),
(6101,'2020-10-01',NULL,1.5),
(6102,'2020-10-01',NULL,1.5),
(6103,'2020-10-01',NULL,1.5),
(6104,'2020-10-01',NULL,1.5),
(6105,'2020-10-01',NULL,1.5),
(6106,'2020-10-01',NULL,1.5),
(6107,'2020-10-01',NULL,1.5),
(6108,'2020-10-01',NULL,1.5),
(6109,'2020-10-01',NULL,1.5),
(6110,'2020-10-01',NULL,1.5),
(6111,'2020-10-01',NULL,1.5),
(6112,'2020-10-01',NULL,1.5),
(6113,'2020-10-01',NULL,1.5),
(6114,'2020-10-01',NULL,1.5),
(6115,'2020-10-01',NULL,1.5),
(6116,'2020-10-01',NULL,1.5),
(6117,'2020-10-01',NULL,1.5),
(6118,'2020-10-01',NULL,1.5),
(6119,'2020-10-01',NULL,1.5),
(6120,'2020-10-01',NULL,1.5),
(6121,'2020-10-01',NULL,1.5),
(6122,'2020-10-01',NULL,1.5),
(6123,'2020-10-01',NULL,1.5),
(6124,'2020-10-01',NULL,1.5),
(6125,'2020-10-01',NULL,1.5),
(6126,'2020-10-01',NULL,1.5),
(6127,'2020-10-01',NULL,1.5),
(6128,'2020-10-01',NULL,1.5),
(6129,'2020-10-01',NULL,1.5),
(6130,'2020-10-01',NULL,1.5),
(6131,'2020-10-01',NULL,1.5),
(6132,'2020-10-01',NULL,1.5),
(6133,'2020-10-01',NULL,1.5),
(6134,'2020-10-01',NULL,1.5),
(6135,'2020-10-01',NULL,1.5),
(6136,'2020-10-01',NULL,1.5),
(6137,'2020-10-01',NULL,1.5),
(6138,'2020-10-01',NULL,1.5),
(7000,'2020-06-01','2020-08-01',490),
(7001,'2020-06-01','2020-08-01',490),
(7002,'2020-06-01','2020-08-01',490),
(7003,'2020-06-01','2020-08-01',490),
(7004,'2020-06-01','2020-08-01',490),
(7005,'2020-06-01','2020-08-01',490),
(7006,'2020-06-01','2020-08-01',490),
(7007,'2020-06-01','2020-08-01',490),
(7008,'2020-06-01','2020-08-01',490),
(7009,'2020-06-01','2020-08-01',490),
(7000,'2020-08-01','2020-10-01',510),
(7001,'2020-08-01','2020-10-01',510),
(7002,'2020-08-01','2020-10-01',510),
(7003,'2020-08-01','2020-10-01',510),
(7004,'2020-08-01','2020-10-01',510),
(7005,'2020-08-01','2020-10-01',510),
(7006,'2020-08-01','2020-10-01',510),
(7007,'2020-08-01','2020-10-01',510),
(7008,'2020-08-01','2020-10-01',510),
(7009,'2020-08-01','2020-10-01',510),
(7000,'2020-10-01',NULL,500),
(7001,'2020-10-01',NULL,500),
(7002,'2020-10-01',NULL,500),
(7003,'2020-10-01',NULL,500),
(7004,'2020-10-01',NULL,500),
(7005,'2020-10-01',NULL,500),
(7006,'2020-10-01',NULL,500),
(7007,'2020-10-01',NULL,500),
(7008,'2020-10-01',NULL,500),
(7009,'2020-10-01',NULL,500),
(8000,'2020-06-01','2020-08-01',405),
(8001,'2020-06-01','2020-08-01',405),
(8002,'2020-06-01','2020-08-01',405),
(8003,'2020-06-01','2020-08-01',405),
(8004,'2020-06-01','2020-08-01',405),
(8005,'2020-06-01','2020-08-01',405),
(8006,'2020-06-01','2020-08-01',405),
(8007,'2020-06-01','2020-08-01',405),
(8000,'2020-08-01','2020-10-01',415),
(8001,'2020-08-01','2020-10-01',415),
(8002,'2020-08-01','2020-10-01',415),
(8003,'2020-08-01','2020-10-01',415),
(8004,'2020-08-01','2020-10-01',415),
(8005,'2020-08-01','2020-10-01',415),
(8006,'2020-08-01','2020-10-01',415),
(8007,'2020-08-01','2020-10-01',415),
(8000,'2020-10-01',NULL,410),
(8001,'2020-10-01',NULL,410),
(8002,'2020-10-01',NULL,410),
(8003,'2020-10-01',NULL,410),
(8004,'2020-10-01',NULL,410),
(8005,'2020-10-01',NULL,410),
(8006,'2020-10-01',NULL,410),
(8007,'2020-10-01',NULL,410),
(8008,'2020-06-01','2020-10-01',390),
(8009,'2020-06-01','2020-10-01',390),
(8008,'2020-10-01',NULL,400),
(8009,'2020-10-01',NULL,400),
(8010,'2020-06-01','2020-10-01',400),
(8011,'2020-06-01','2020-10-01',400),
(8012,'2020-06-01','2020-10-01',400),
(8013,'2020-06-01','2020-10-01',400),
(8014,'2020-06-01','2020-10-01',400),
(8015,'2020-06-01','2020-10-01',400),
(8016,'2020-06-01','2020-10-01',400),
(8010,'2020-10-01',NULL,390),
(8011,'2020-10-01',NULL,390),
(8012,'2020-10-01',NULL,390),
(8013,'2020-10-01',NULL,390),
(8014,'2020-10-01',NULL,390),
(8015,'2020-10-01',NULL,390),
(8016,'2020-10-01',NULL,390),
(9000,'2020-06-01','2020-10-01',1.5),
(9001,'2020-06-01','2020-10-01',1.5),
(9002,'2020-06-01','2020-10-01',1.5),
(9003,'2020-06-01','2020-10-01',1.5),
(9000,'2020-10-01',NULL,2),
(9001,'2020-10-01',NULL,2),
(9002,'2020-10-01',NULL,2),
(9003,'2020-10-01',NULL,2),
(9004,'2020-06-01','2020-08-01',1.7),
(9005,'2020-06-01','2020-08-01',1.7),
(9006,'2020-06-01','2020-08-01',1.7),
(9007,'2020-06-01','2020-08-01',1.7),
(9008,'2020-06-01','2020-08-01',1.7),
(9009,'2020-06-01','2020-08-01',1.7),
(9010,'2020-06-01','2020-08-01',1.7),
(9011,'2020-06-01','2020-08-01',1.7),
(9012,'2020-06-01','2020-08-01',1.7),
(9004,'2020-08-01','2020-10-01',2.1),
(9005,'2020-08-01','2020-10-01',2.1),
(9006,'2020-08-01','2020-10-01',2.1),
(9007,'2020-08-01','2020-10-01',2.1),
(9008,'2020-08-01','2020-10-01',2.1),
(9009,'2020-08-01','2020-10-01',2.1),
(9010,'2020-08-01','2020-10-01',2.1),
(9011,'2020-08-01','2020-10-01',2.1),
(9012,'2020-08-01','2020-10-01',2.1),
(9004,'2020-10-01',NULL,1.9),
(9005,'2020-10-01',NULL,1.9),
(9006,'2020-10-01',NULL,1.9),
(9007,'2020-10-01',NULL,1.9),
(9008,'2020-10-01',NULL,1.9),
(9009,'2020-10-01',NULL,1.9),
(9010,'2020-10-01',NULL,1.9),
(9011,'2020-10-01',NULL,1.9),
(9012,'2020-10-01',NULL,1.9),
(9013,'2020-06-01','2020-10-01',1.5),
(9014,'2020-06-01','2020-10-01',1.5),
(9015,'2020-06-01','2020-10-01',1.5),
(9016,'2020-06-01','2020-10-01',1.5),
(9017,'2020-06-01','2020-10-01',1.5),
(9018,'2020-06-01','2020-10-01',1.5),
(9019,'2020-06-01','2020-10-01',1.5),
(9020,'2020-06-01','2020-10-01',1.5),
(9021,'2020-06-01','2020-10-01',1.5),
(9022,'2020-06-01','2020-10-01',1.5),
(9023,'2020-06-01','2020-10-01',1.5),
(9024,'2020-06-01','2020-10-01',1.5),
(9025,'2020-06-01','2020-10-01',1.5),
(9026,'2020-06-01','2020-10-01',1.5),
(9027,'2020-06-01','2020-10-01',1.5),
(9028,'2020-06-01','2020-10-01',1.5),
(9029,'2020-06-01','2020-10-01',1.5),
(9030,'2020-06-01','2020-10-01',1.5),
(9031,'2020-06-01','2020-10-01',1.5),
(9032,'2020-06-01','2020-10-01',1.5),
(9033,'2020-06-01','2020-10-01',1.5),
(9034,'2020-06-01','2020-10-01',1.5),
(9035,'2020-06-01','2020-10-01',1.5),
(9036,'2020-06-01','2020-10-01',1.5),
(9037,'2020-06-01','2020-10-01',1.5),
(9038,'2020-06-01','2020-10-01',1.5),
(9039,'2020-06-01','2020-10-01',1.5),
(9040,'2020-06-01','2020-10-01',1.5),
(9041,'2020-06-01','2020-10-01',1.5),
(9042,'2020-06-01','2020-10-01',1.5),
(9043,'2020-06-01','2020-10-01',1.5),
(9044,'2020-06-01','2020-10-01',1.5),
(9045,'2020-06-01','2020-10-01',1.5),
(9046,'2020-06-01','2020-10-01',1.5),
(9047,'2020-06-01','2020-10-01',1.5),
(9048,'2020-06-01','2020-10-01',1.5),
(9049,'2020-06-01','2020-10-01',1.5),
(9050,'2020-06-01','2020-10-01',1.5),
(9051,'2020-06-01','2020-10-01',1.5),
(9052,'2020-06-01','2020-10-01',1.5),
(9053,'2020-06-01','2020-10-01',1.5),
(9054,'2020-06-01','2020-10-01',1.5),
(9055,'2020-06-01','2020-10-01',1.5),
(9056,'2020-06-01','2020-10-01',1.5),
(9057,'2020-06-01','2020-10-01',1.5),
(9058,'2020-06-01','2020-10-01',1.5),
(9059,'2020-06-01','2020-10-01',1.5),
(9060,'2020-06-01','2020-10-01',1.5),
(9061,'2020-06-01','2020-10-01',1.5),
(9062,'2020-06-01','2020-10-01',1.5),
(9063,'2020-06-01','2020-10-01',1.5),
(9064,'2020-06-01','2020-10-01',1.5),
(9065,'2020-06-01','2020-10-01',1.5),
(9066,'2020-06-01','2020-10-01',1.5),
(9067,'2020-06-01','2020-10-01',1.5),
(9068,'2020-06-01','2020-10-01',1.5),
(9069,'2020-06-01','2020-10-01',1.5),
(9070,'2020-06-01','2020-10-01',1.5),
(9071,'2020-06-01','2020-10-01',1.5),
(9072,'2020-06-01','2020-10-01',1.5),
(9073,'2020-06-01','2020-10-01',1.5),
(9074,'2020-06-01','2020-10-01',1.5),
(9075,'2020-06-01','2020-10-01',1.5),
(9076,'2020-06-01','2020-10-01',1.5),
(9077,'2020-06-01','2020-10-01',1.5),
(9078,'2020-06-01','2020-10-01',1.5),
(9079,'2020-06-01','2020-10-01',1.5),
(9080,'2020-06-01','2020-10-01',1.5),
(9013,'2020-10-01',NULL,2),
(9014,'2020-10-01',NULL,2),
(9015,'2020-10-01',NULL,2),
(9016,'2020-10-01',NULL,2),
(9017,'2020-10-01',NULL,2),
(9018,'2020-10-01',NULL,2),
(9019,'2020-10-01',NULL,2),
(9020,'2020-10-01',NULL,2),
(9021,'2020-10-01',NULL,2),
(9022,'2020-10-01',NULL,2),
(9023,'2020-10-01',NULL,2),
(9024,'2020-10-01',NULL,2),
(9025,'2020-10-01',NULL,2),
(9026,'2020-10-01',NULL,2),
(9027,'2020-10-01',NULL,2),
(9028,'2020-10-01',NULL,2),
(9029,'2020-10-01',NULL,2),
(9030,'2020-10-01',NULL,2),
(9031,'2020-10-01',NULL,2),
(9032,'2020-10-01',NULL,2),
(9033,'2020-10-01',NULL,2),
(9034,'2020-10-01',NULL,2),
(9035,'2020-10-01',NULL,2),
(9036,'2020-10-01',NULL,2),
(9037,'2020-10-01',NULL,2),
(9038,'2020-10-01',NULL,2),
(9039,'2020-10-01',NULL,2),
(9040,'2020-10-01',NULL,2),
(9041,'2020-10-01',NULL,2),
(9042,'2020-10-01',NULL,2),
(9043,'2020-10-01',NULL,2),
(9044,'2020-10-01',NULL,2),
(9045,'2020-10-01',NULL,2),
(9046,'2020-10-01',NULL,2),
(9047,'2020-10-01',NULL,2),
(9048,'2020-10-01',NULL,2),
(9049,'2020-10-01',NULL,2),
(9050,'2020-10-01',NULL,2),
(9051,'2020-10-01',NULL,2),
(9052,'2020-10-01',NULL,2),
(9053,'2020-10-01',NULL,2),
(9054,'2020-10-01',NULL,2),
(9055,'2020-10-01',NULL,2),
(9056,'2020-10-01',NULL,2),
(9057,'2020-10-01',NULL,2),
(9058,'2020-10-01',NULL,2),
(9059,'2020-10-01',NULL,2),
(9060,'2020-10-01',NULL,2),
(9061,'2020-10-01',NULL,2),
(9062,'2020-10-01',NULL,2),
(9063,'2020-10-01',NULL,2),
(9064,'2020-10-01',NULL,2),
(9065,'2020-10-01',NULL,2),
(9066,'2020-10-01',NULL,2),
(9067,'2020-10-01',NULL,2),
(9068,'2020-10-01',NULL,2),
(9069,'2020-10-01',NULL,2),
(9070,'2020-10-01',NULL,2),
(9071,'2020-10-01',NULL,2),
(9072,'2020-10-01',NULL,2),
(9073,'2020-10-01',NULL,2),
(9074,'2020-10-01',NULL,2),
(9075,'2020-10-01',NULL,2),
(9076,'2020-10-01',NULL,2),
(9077,'2020-10-01',NULL,2),
(9078,'2020-10-01',NULL,2),
(9079,'2020-10-01',NULL,2),
(9080,'2020-10-01',NULL,2),
(9081,'2020-06-01','2020-08-01',1.7),
(9082,'2020-06-01','2020-08-01',1.7),
(9083,'2020-06-01','2020-08-01',1.7),
(9084,'2020-06-01','2020-08-01',1.7),
(9085,'2020-06-01','2020-08-01',1.7),
(9086,'2020-06-01','2020-08-01',1.7),
(9087,'2020-06-01','2020-08-01',1.7),
(9088,'2020-06-01','2020-08-01',1.7),
(9089,'2020-06-01','2020-08-01',1.7),
(9090,'2020-06-01','2020-08-01',1.7),
(9091,'2020-06-01','2020-08-01',1.7),
(9092,'2020-06-01','2020-08-01',1.7),
(9093,'2020-06-01','2020-08-01',1.7),
(9094,'2020-06-01','2020-08-01',1.7),
(9095,'2020-06-01','2020-08-01',1.7),
(9096,'2020-06-01','2020-08-01',1.7),
(9097,'2020-06-01','2020-08-01',1.7),
(9098,'2020-06-01','2020-08-01',1.7),
(9099,'2020-06-01','2020-08-01',1.7),
(9100,'2020-06-01','2020-08-01',1.7),
(9101,'2020-06-01','2020-08-01',1.7),
(9102,'2020-06-01','2020-08-01',1.7),
(9103,'2020-06-01','2020-08-01',1.7),
(9104,'2020-06-01','2020-08-01',1.7),
(9105,'2020-06-01','2020-08-01',1.7),
(9106,'2020-06-01','2020-08-01',1.7),
(9107,'2020-06-01','2020-08-01',1.7),
(9108,'2020-06-01','2020-08-01',1.7),
(9109,'2020-06-01','2020-08-01',1.7),
(9110,'2020-06-01','2020-08-01',1.7),
(9111,'2020-06-01','2020-08-01',1.7),
(9112,'2020-06-01','2020-08-01',1.7),
(9113,'2020-06-01','2020-08-01',1.7),
(9114,'2020-06-01','2020-08-01',1.7),
(9115,'2020-06-01','2020-08-01',1.7),
(9116,'2020-06-01','2020-08-01',1.7),
(9117,'2020-06-01','2020-08-01',1.7),
(9118,'2020-06-01','2020-08-01',1.7),
(9119,'2020-06-01','2020-08-01',1.7),
(9120,'2020-06-01','2020-08-01',1.7),
(9121,'2020-06-01','2020-08-01',1.7),
(9122,'2020-06-01','2020-08-01',1.7),
(9123,'2020-06-01','2020-08-01',1.7),
(9124,'2020-06-01','2020-08-01',1.7),
(9125,'2020-06-01','2020-08-01',1.7),
(9126,'2020-06-01','2020-08-01',1.7),
(9127,'2020-06-01','2020-08-01',1.7),
(9128,'2020-06-01','2020-08-01',1.7),
(9129,'2020-06-01','2020-08-01',1.7),
(9130,'2020-06-01','2020-08-01',1.7),
(9131,'2020-06-01','2020-08-01',1.7),
(9132,'2020-06-01','2020-08-01',1.7),
(9133,'2020-06-01','2020-08-01',1.7),
(9134,'2020-06-01','2020-08-01',1.7),
(9135,'2020-06-01','2020-08-01',1.7),
(9136,'2020-06-01','2020-08-01',1.7),
(9137,'2020-06-01','2020-08-01',1.7),
(9138,'2020-06-01','2020-08-01',1.7),
(9139,'2020-06-01','2020-08-01',1.7),
(9140,'2020-06-01','2020-08-01',1.7),
(9141,'2020-06-01','2020-08-01',1.7),
(9142,'2020-06-01','2020-08-01',1.7),
(9081,'2020-08-01','2020-10-01',2.1),
(9082,'2020-08-01','2020-10-01',2.1),
(9083,'2020-08-01','2020-10-01',2.1),
(9084,'2020-08-01','2020-10-01',2.1),
(9085,'2020-08-01','2020-10-01',2.1),
(9086,'2020-08-01','2020-10-01',2.1),
(9087,'2020-08-01','2020-10-01',2.1),
(9088,'2020-08-01','2020-10-01',2.1),
(9089,'2020-08-01','2020-10-01',2.1),
(9090,'2020-08-01','2020-10-01',2.1),
(9091,'2020-08-01','2020-10-01',2.1),
(9092,'2020-08-01','2020-10-01',2.1),
(9093,'2020-08-01','2020-10-01',2.1),
(9094,'2020-08-01','2020-10-01',2.1),
(9095,'2020-08-01','2020-10-01',2.1),
(9096,'2020-08-01','2020-10-01',2.1),
(9097,'2020-08-01','2020-10-01',2.1),
(9098,'2020-08-01','2020-10-01',2.1),
(9099,'2020-08-01','2020-10-01',2.1),
(9100,'2020-08-01','2020-10-01',2.1),
(9101,'2020-08-01','2020-10-01',2.1),
(9102,'2020-08-01','2020-10-01',2.1),
(9103,'2020-08-01','2020-10-01',2.1),
(9104,'2020-08-01','2020-10-01',2.1),
(9105,'2020-08-01','2020-10-01',2.1),
(9106,'2020-08-01','2020-10-01',2.1),
(9107,'2020-08-01','2020-10-01',2.1),
(9108,'2020-08-01','2020-10-01',2.1),
(9109,'2020-08-01','2020-10-01',2.1),
(9110,'2020-08-01','2020-10-01',2.1),
(9111,'2020-08-01','2020-10-01',2.1),
(9112,'2020-08-01','2020-10-01',2.1),
(9113,'2020-08-01','2020-10-01',2.1),
(9114,'2020-08-01','2020-10-01',2.1),
(9115,'2020-08-01','2020-10-01',2.1),
(9116,'2020-08-01','2020-10-01',2.1),
(9117,'2020-08-01','2020-10-01',2.1),
(9118,'2020-08-01','2020-10-01',2.1),
(9119,'2020-08-01','2020-10-01',2.1),
(9120,'2020-08-01','2020-10-01',2.1),
(9121,'2020-08-01','2020-10-01',2.1),
(9122,'2020-08-01','2020-10-01',2.1),
(9123,'2020-08-01','2020-10-01',2.1),
(9124,'2020-08-01','2020-10-01',2.1),
(9125,'2020-08-01','2020-10-01',2.1),
(9126,'2020-08-01','2020-10-01',2.1),
(9127,'2020-08-01','2020-10-01',2.1),
(9128,'2020-08-01','2020-10-01',2.1),
(9129,'2020-08-01','2020-10-01',2.1),
(9130,'2020-08-01','2020-10-01',2.1),
(9131,'2020-08-01','2020-10-01',2.1),
(9132,'2020-08-01','2020-10-01',2.1),
(9133,'2020-08-01','2020-10-01',2.1),
(9134,'2020-08-01','2020-10-01',2.1),
(9135,'2020-08-01','2020-10-01',2.1),
(9136,'2020-08-01','2020-10-01',2.1),
(9137,'2020-08-01','2020-10-01',2.1),
(9138,'2020-08-01','2020-10-01',2.1),
(9139,'2020-08-01','2020-10-01',2.1),
(9140,'2020-08-01','2020-10-01',2.1),
(9141,'2020-08-01','2020-10-01',2.1),
(9142,'2020-08-01','2020-10-01',2.1),
(9081,'2020-10-01',NULL,1.9),
(9082,'2020-10-01',NULL,1.9),
(9083,'2020-10-01',NULL,1.9),
(9084,'2020-10-01',NULL,1.9),
(9085,'2020-10-01',NULL,1.9),
(9086,'2020-10-01',NULL,1.9),
(9087,'2020-10-01',NULL,1.9),
(9088,'2020-10-01',NULL,1.9),
(9089,'2020-10-01',NULL,1.9),
(9090,'2020-10-01',NULL,1.9),
(9091,'2020-10-01',NULL,1.9),
(9092,'2020-10-01',NULL,1.9),
(9093,'2020-10-01',NULL,1.9),
(9094,'2020-10-01',NULL,1.9),
(9095,'2020-10-01',NULL,1.9),
(9096,'2020-10-01',NULL,1.9),
(9097,'2020-10-01',NULL,1.9),
(9098,'2020-10-01',NULL,1.9),
(9099,'2020-10-01',NULL,1.9),
(9100,'2020-10-01',NULL,1.9),
(9101,'2020-10-01',NULL,1.9),
(9102,'2020-10-01',NULL,1.9),
(9103,'2020-10-01',NULL,1.9),
(9104,'2020-10-01',NULL,1.9),
(9105,'2020-10-01',NULL,1.9),
(9106,'2020-10-01',NULL,1.9),
(9107,'2020-10-01',NULL,1.9),
(9108,'2020-10-01',NULL,1.9),
(9109,'2020-10-01',NULL,1.9),
(9110,'2020-10-01',NULL,1.9),
(9111,'2020-10-01',NULL,1.9),
(9112,'2020-10-01',NULL,1.9),
(9113,'2020-10-01',NULL,1.9),
(9114,'2020-10-01',NULL,1.9),
(9115,'2020-10-01',NULL,1.9),
(9116,'2020-10-01',NULL,1.9),
(9117,'2020-10-01',NULL,1.9),
(9118,'2020-10-01',NULL,1.9),
(9119,'2020-10-01',NULL,1.9),
(9120,'2020-10-01',NULL,1.9),
(9121,'2020-10-01',NULL,1.9),
(9122,'2020-10-01',NULL,1.9),
(9123,'2020-10-01',NULL,1.9),
(9124,'2020-10-01',NULL,1.9),
(9125,'2020-10-01',NULL,1.9),
(9126,'2020-10-01',NULL,1.9),
(9127,'2020-10-01',NULL,1.9),
(9128,'2020-10-01',NULL,1.9),
(9129,'2020-10-01',NULL,1.9),
(9130,'2020-10-01',NULL,1.9),
(9131,'2020-10-01',NULL,1.9),
(9132,'2020-10-01',NULL,1.9),
(9133,'2020-10-01',NULL,1.9),
(9134,'2020-10-01',NULL,1.9),
(9135,'2020-10-01',NULL,1.9),
(9136,'2020-10-01',NULL,1.9),
(9137,'2020-10-01',NULL,1.9),
(9138,'2020-10-01',NULL,1.9),
(9139,'2020-10-01',NULL,1.9),
(9140,'2020-10-01',NULL,1.9),
(9141,'2020-10-01',NULL,1.9),
(9142,'2020-10-01',NULL,1.9),
(1101,'2020-06-01',NULL,50),
(1102,'2020-06-01',NULL,50),
(1103,'2020-06-01',NULL,50),
(1104,'2020-06-01',NULL,50),
(1105,'2020-06-01',NULL,50),
(1106,'2020-06-01',NULL,50),
(1107,'2020-06-01',NULL,50),
(1108,'2020-06-01',NULL,50),
(1109,'2020-06-01',NULL,50),
(1110,'2020-06-01','2020-08-01',50),
(1111,'2020-06-01','2020-08-01',50),
(1112,'2020-06-01','2020-08-01',50),
(1113,'2020-06-01','2020-08-01',50),
(1114,'2020-06-01','2020-08-01',50),
(1115,'2020-06-01','2020-08-01',50),
(1116,'2020-06-01','2020-08-01',50),
(1117,'2020-06-01','2020-08-01',50),
(1110,'2020-08-01','2020-10-01',55),
(1111,'2020-08-01','2020-10-01',55),
(1112,'2020-08-01','2020-10-01',55),
(1113,'2020-08-01','2020-10-01',55),
(1114,'2020-08-01','2020-10-01',55),
(1115,'2020-08-01','2020-10-01',55),
(1116,'2020-08-01','2020-10-01',55),
(1117,'2020-08-01','2020-10-01',55),
(1110,'2020-10-01',NULL,50),
(1111,'2020-10-01',NULL,50),
(1112,'2020-10-01',NULL,50),
(1113,'2020-10-01',NULL,50),
(1114,'2020-10-01',NULL,50),
(1115,'2020-10-01',NULL,50),
(1116,'2020-10-01',NULL,50),
(1117,'2020-10-01',NULL,50),
(1118,'2020-06-01',NULL,49),
(1119,'2020-06-01',NULL,49),
(1121,'2020-06-01',NULL,49),
(1122,'2020-06-01',NULL,49),
(1123,'2020-06-01',NULL,49),
(1124,'2020-06-01',NULL,49),
(1200,'2020-06-01','2020-08-01',255),
(1201,'2020-06-01','2020-08-01',255),
(1202,'2020-06-01','2020-08-01',255),
(1203,'2020-06-01','2020-08-01',255),
(1204,'2020-06-01','2020-08-01',255),
(1205,'2020-06-01','2020-08-01',255),
(1206,'2020-06-01','2020-08-01',255),
(1200,'2020-08-01','2020-10-01',250),
(1201,'2020-08-01','2020-10-01',250),
(1202,'2020-08-01','2020-10-01',250),
(1203,'2020-08-01','2020-10-01',250),
(1204,'2020-08-01','2020-10-01',250),
(1205,'2020-08-01','2020-10-01',250),
(1206,'2020-08-01','2020-10-01',250),
(1200,'2020-10-01',NULL,255),
(1201,'2020-10-01',NULL,255),
(1202,'2020-10-01',NULL,255),
(1203,'2020-10-01',NULL,255),
(1204,'2020-10-01',NULL,255),
(1205,'2020-10-01',NULL,255),
(1206,'2020-10-01',NULL,255),
(1207,'2020-06-01','2020-08-01',240),
(1208,'2020-06-01','2020-08-01',240),
(1209,'2020-06-01','2020-08-01',240),
(1210,'2020-06-01','2020-08-01',240),
(1211,'2020-06-01','2020-08-01',240),
(1212,'2020-06-01','2020-08-01',240),
(1213,'2020-06-01','2020-08-01',240),
(1214,'2020-06-01','2020-08-01',240),
(1215,'2020-06-01','2020-08-01',240),
(1207,'2020-08-01','2020-10-01',250),
(1208,'2020-08-01','2020-10-01',250),
(1209,'2020-08-01','2020-10-01',250),
(1210,'2020-08-01','2020-10-01',250),
(1211,'2020-08-01','2020-10-01',250),
(1212,'2020-08-01','2020-10-01',250),
(1213,'2020-08-01','2020-10-01',250),
(1214,'2020-08-01','2020-10-01',250),
(1215,'2020-08-01','2020-10-01',250),
(1207,'2020-10-01',NULL,245),
(1208,'2020-10-01',NULL,245),
(1209,'2020-10-01',NULL,245),
(1210,'2020-10-01',NULL,245),
(1211,'2020-10-01',NULL,245),
(1212,'2020-10-01',NULL,245),
(1213,'2020-10-01',NULL,245),
(1214,'2020-10-01',NULL,245),
(1215,'2020-10-01',NULL,245),
(1216,'2020-06-01','2020-08-01',245),
(1217,'2020-06-01','2020-08-01',245),
(1218,'2020-06-01','2020-08-01',245),
(1219,'2020-06-01','2020-08-01',245),
(1220,'2020-06-01','2020-08-01',245),
(1216,'2020-08-01','2020-10-01',255),
(1217,'2020-08-01','2020-10-01',255),
(1218,'2020-08-01','2020-10-01',255),
(1219,'2020-08-01','2020-10-01',255),
(1220,'2020-08-01','2020-10-01',255),
(1216,'2020-10-01',NULL,250),
(1217,'2020-10-01',NULL,250),
(1218,'2020-10-01',NULL,250),
(1219,'2020-10-01',NULL,250),
(1220,'2020-10-01',NULL,250),
(1300,'2020-06-01','2020-08-01',80),
(1301,'2020-06-01','2020-08-01',80),
(1302,'2020-06-01','2020-08-01',80),
(1303,'2020-06-01','2020-08-01',80),
(1304,'2020-06-01','2020-08-01',80),
(1305,'2020-06-01','2020-08-01',80),
(1306,'2020-06-01','2020-08-01',80),
(1307,'2020-06-01','2020-08-01',80),
(1308,'2020-06-01','2020-08-01',80),
(1300,'2020-08-01','2020-10-01',75),
(1301,'2020-08-01','2020-10-01',75),
(1302,'2020-08-01','2020-10-01',75),
(1303,'2020-08-01','2020-10-01',75),
(1304,'2020-08-01','2020-10-01',75),
(1305,'2020-08-01','2020-10-01',75),
(1306,'2020-08-01','2020-10-01',75),
(1307,'2020-08-01','2020-10-01',75),
(1308,'2020-08-01','2020-10-01',75),
(1300,'2020-10-01',NULL,80),
(1301,'2020-10-01',NULL,80),
(1302,'2020-10-01',NULL,80),
(1303,'2020-10-01',NULL,80),
(1304,'2020-10-01',NULL,80),
(1305,'2020-10-01',NULL,80),
(1306,'2020-10-01',NULL,80),
(1307,'2020-10-01',NULL,80),
(1308,'2020-10-01',NULL,80),
(1309,'2020-06-01','2020-08-01',78),
(1310,'2020-06-01','2020-08-01',78),
(1311,'2020-06-01','2020-08-01',78),
(1312,'2020-06-01','2020-08-01',78),
(1313,'2020-06-01','2020-08-01',78),
(1314,'2020-06-01','2020-08-01',78),
(1315,'2020-06-01','2020-08-01',78),
(1316,'2020-06-01','2020-08-01',78),
(1309,'2020-08-01','2020-10-01',80),
(1310,'2020-08-01','2020-10-01',80),
(1311,'2020-08-01','2020-10-01',80),
(1312,'2020-08-01','2020-10-01',80),
(1313,'2020-08-01','2020-10-01',80),
(1314,'2020-08-01','2020-10-01',80),
(1315,'2020-08-01','2020-10-01',80),
(1316,'2020-08-01','2020-10-01',80),
(1309,'2020-10-01',NULL,75),
(1310,'2020-10-01',NULL,75),
(1311,'2020-10-01',NULL,75),
(1312,'2020-10-01',NULL,75),
(1313,'2020-10-01',NULL,75),
(1314,'2020-10-01',NULL,75),
(1315,'2020-10-01',NULL,75),
(1316,'2020-10-01',NULL,75),
(1317,'2020-06-01','2020-08-01',80),
(1318,'2020-06-01','2020-08-01',80),
(1319,'2020-06-01','2020-08-01',80),
(1320,'2020-06-01','2020-08-01',80),
(1321,'2020-06-01','2020-08-01',80),
(1322,'2020-06-01','2020-08-01',80),
(1323,'2020-06-01','2020-08-01',80),
(1317,'2020-08-01','2020-10-01',87),
(1318,'2020-08-01','2020-10-01',87),
(1319,'2020-08-01','2020-10-01',87),
(1320,'2020-08-01','2020-10-01',87),
(1321,'2020-08-01','2020-10-01',87),
(1322,'2020-08-01','2020-10-01',87),
(1323,'2020-08-01','2020-10-01',87),
(1317,'2020-10-01',NULL,85),
(1318,'2020-10-01',NULL,85),
(1319,'2020-10-01',NULL,85),
(1320,'2020-10-01',NULL,85),
(1321,'2020-10-01',NULL,85),
(1322,'2020-10-01',NULL,85),
(1323,'2020-10-01',NULL,85),
(1324,'2020-06-01','2020-08-01',90),
(1325,'2020-06-01','2020-08-01',90),
(1326,'2020-06-01','2020-08-01',90),
(1327,'2020-06-01','2020-08-01',90),
(1328,'2020-06-01','2020-08-01',90),
(1324,'2020-08-01','2020-10-01',85),
(1325,'2020-08-01','2020-10-01',85),
(1326,'2020-08-01','2020-10-01',85),
(1327,'2020-08-01','2020-10-01',85),
(1328,'2020-08-01','2020-10-01',85),
(1324,'2020-10-01',NULL,80),
(1325,'2020-10-01',NULL,80),
(1326,'2020-10-01',NULL,80),
(1327,'2020-10-01',NULL,80),
(1328,'2020-10-01',NULL,80),
(1329,'2020-06-01','2020-08-01',80),
(1330,'2020-06-01','2020-08-01',80),
(1331,'2020-06-01','2020-08-01',80),
(1332,'2020-06-01','2020-08-01',80),
(1333,'2020-06-01','2020-08-01',80),
(1334,'2020-06-01','2020-08-01',80),
(1335,'2020-06-01','2020-08-01',80),
(1336,'2020-06-01','2020-08-01',80),
(1337,'2020-06-01','2020-08-01',80),
(1329,'2020-08-01','2020-10-01',79),
(1330,'2020-08-01','2020-10-01',79),
(1331,'2020-08-01','2020-10-01',79),
(1332,'2020-08-01','2020-10-01',79),
(1333,'2020-08-01','2020-10-01',79),
(1334,'2020-08-01','2020-10-01',79),
(1335,'2020-08-01','2020-10-01',79),
(1336,'2020-08-01','2020-10-01',79),
(1337,'2020-08-01','2020-10-01',79),
(1329,'2020-10-01',NULL,78),
(1330,'2020-10-01',NULL,78),
(1331,'2020-10-01',NULL,78),
(1332,'2020-10-01',NULL,78),
(1333,'2020-10-01',NULL,78),
(1334,'2020-10-01',NULL,78),
(1335,'2020-10-01',NULL,78),
(1336,'2020-10-01',NULL,78),
(1337,'2020-10-01',NULL,78),
(1400,'2020-06-01','2020-08-01',100),
(1401,'2020-06-01','2020-08-01',100),
(1402,'2020-06-01','2020-08-01',100),
(1403,'2020-06-01','2020-08-01',100),
(1404,'2020-06-01','2020-08-01',100),
(1400,'2020-08-01','2020-10-01',95),
(1401,'2020-08-01','2020-10-01',95),
(1402,'2020-08-01','2020-10-01',95),
(1403,'2020-08-01','2020-10-01',95),
(1404,'2020-08-01','2020-10-01',95),
(1400,'2020-10-01',NULL,98),
(1401,'2020-10-01',NULL,98),
(1402,'2020-10-01',NULL,98),
(1403,'2020-10-01',NULL,98),
(1404,'2020-10-01',NULL,98),
(1405,'2020-06-01','2020-08-01',98),
(1406,'2020-06-01','2020-08-01',98),
(1407,'2020-06-01','2020-08-01',98),
(1408,'2020-06-01','2020-08-01',98),
(1409,'2020-06-01','2020-08-01',98),
(1410,'2020-06-01','2020-08-01',98),
(1405,'2020-08-01','2020-10-01',100),
(1406,'2020-08-01','2020-10-01',100),
(1407,'2020-08-01','2020-10-01',100),
(1408,'2020-08-01','2020-10-01',100),
(1409,'2020-08-01','2020-10-01',100),
(1410,'2020-08-01','2020-10-01',100),
(1405,'2020-10-01',NULL,95),
(1406,'2020-10-01',NULL,95),
(1407,'2020-10-01',NULL,95),
(1408,'2020-10-01',NULL,95),
(1409,'2020-10-01',NULL,95),
(1410,'2020-10-01',NULL,95),
(1411,'2020-06-01','2020-10-01',95),
(1412,'2020-06-01','2020-10-01',95),
(1413,'2020-06-01','2020-10-01',95),
(1414,'2020-06-01','2020-10-01',95),
(1415,'2020-06-01','2020-10-01',95),
(1416,'2020-06-01','2020-10-01',95),
(1417,'2020-06-01','2020-10-01',95),
(1411,'2020-10-01',NULL,100),
(1412,'2020-10-01',NULL,100),
(1413,'2020-10-01',NULL,100),
(1414,'2020-10-01',NULL,100),
(1415,'2020-10-01',NULL,100),
(1416,'2020-10-01',NULL,100),
(1417,'2020-10-01',NULL,100),
(1418,'2020-06-01','2020-10-01',102),
(1419,'2020-06-01','2020-10-01',102),
(1420,'2020-06-01','2020-10-01',102),
(1421,'2020-06-01','2020-10-01',102),
(1422,'2020-06-01','2020-10-01',102),
(1423,'2020-06-01','2020-10-01',102),
(1418,'2020-10-01',NULL,100),
(1419,'2020-10-01',NULL,100),
(1420,'2020-10-01',NULL,100),
(1421,'2020-10-01',NULL,100),
(1422,'2020-10-01',NULL,100),
(1423,'2020-10-01',NULL,100);

INSERT INTO Feedback
VALUES
(1,1,'Pepsi',5,'2020-08-30','product satisfy my needs'),
(2,2,'Pepsi',5,'2020-08-30','product satisfy my needs'),
(3,3,'Pepsi',5,'2020-08-30','product satisfy my needs'),
(4,4,'Pepsi',5,'2020-08-30','product satisfy my needs'),
(5,5,'Pepsi',5,'2020-08-30','product satisfy my needs'),
(6,6,'Pepsi',5,'2020-08-30','product satisfy my needs'),
(7,7,'Pepsi',5,'2020-08-30','product satisfy my needs'),
(8,8,'Pepsi',5,'2020-08-30','product satisfy my needs'),
(9,9,'Pepsi',5,'2020-08-30','product satisfy my needs'),
(10,10,'Pepsi',5,'2020-08-30','product satisfy my needs'),
(11,11,'Pepsi',5,'2020-08-30','product satisfy my needs'),
(12,12,'Pepsi',5,'2020-08-30','product satisfy my needs'),
(13,13,'Pepsi',5,'2020-08-30','product satisfy my needs'),
(14,14,'Pepsi',5,'2020-08-30','product satisfy my needs'),
(15,15,'Pepsi',5,'2020-08-30','product satisfy my needs'),
(16,16,'Pepsi',5,'2020-08-30','product satisfy my needs'),
(17,17,'Pepsi',5,'2020-08-30','product satisfy my needs'),
(18,18,'Pepsi',5,'2020-08-30','product satisfy my needs'),
(19,19,'Pepsi',5,'2020-08-30','product satisfy my needs'),
(20,20,'Pepsi',5,'2020-08-30','product satisfy my needs'),
(21,21,'Pepsi',5,'2020-08-30','product satisfy my needs'),
(22,22,'Pepsi',5,'2020-08-30','product satisfy my needs'),
(23,23,'Pepsi',5,'2020-08-30','product satisfy my needs'),
(24,24,'Pepsi',5,'2020-08-30','product satisfy my needs'),
(25,25,'Pepsi',5,'2020-08-30','product satisfy my needs'),
(26,26,'Pepsi',5,'2020-08-30','product satisfy my needs'),
(27,27,'Pepsi',5,'2020-08-30','product satisfy my needs'),
(28,28,'Pepsi',5,'2020-08-30','product satisfy my needs'),
(29,29,'Pepsi',5,'2020-08-30','product satisfy my needs'),
(30,30,'Pepsi',5,'2020-08-30','product satisfy my needs'),
(31,31,'Pepsi',5,'2020-08-30','product satisfy my needs'),
(32,32,'Pepsi',5,'2020-08-30','product satisfy my needs'),
(33,33,'Pepsi',5,'2020-08-30','product satisfy my needs'),
(34,34,'Pepsi',5,'2020-08-30','product satisfy my needs'),
(35,35,'Pepsi',5,'2020-08-30','product satisfy my needs'),
(36,36,'Pepsi',5,'2020-08-30','product satisfy my needs'),
(37,37,'Pepsi',5,'2020-08-30','product satisfy my needs'),
(38,38,'Pepsi',5,'2020-08-30','product satisfy my needs'),
(39,39,'Pepsi',5,'2020-08-30','product satisfy my needs'),
(40,40,'Pepsi',5,'2020-08-30','product satisfy my needs'),
(41,41,'Pepsi',5,'2020-08-30','product satisfy my needs'),
(42,42,'Pepsi',5,'2020-08-30','product satisfy my needs'),
(43,43,'Pepsi',5,'2020-08-30','product satisfy my needs'),
(44,44,'Pepsi',5,'2020-08-30','product satisfy my needs'),
(45,45,'Pepsi',5,'2020-08-30','product satisfy my needs'),
(46,46,'Pepsi',5,'2020-08-30','product satisfy my needs'),
(47,47,'Pepsi',5,'2020-08-30','product satisfy my needs'),
(48,48,'Pepsi',5,'2020-08-30','product satisfy my needs'),
(49,49,'Pepsi',5,'2020-08-30','product satisfy my needs'),
(50,50,'Pepsi',5,'2020-08-30','product satisfy my needs'),
(51,51,'Pepsi',5,'2020-08-30','product satisfy my needs'),
(52,52,'Pepsi',5,'2020-08-30','product satisfy my needs'),
(53,53,'Pepsi',5,'2020-08-30','product satisfy my needs'),
(54,54,'Pepsi',5,'2020-08-30','product satisfy my needs'),
(55,55,'Pepsi',5,'2020-08-30','product satisfy my needs'),
(56,56,'Pepsi',5,'2020-08-30','product satisfy my needs'),
(57,57,'Pepsi',5,'2020-08-30','product satisfy my needs'),
(58,58,'Pepsi',5,'2020-08-30','product satisfy my needs'),
(59,59,'Pepsi',5,'2020-08-30','product satisfy my needs'),
(60,60,'Pepsi',5,'2020-08-30','product satisfy my needs'),
(61,61,'Pepsi',5,'2020-08-30','product satisfy my needs'),
(62,62,'Pepsi',5,'2020-08-30','product satisfy my needs'),
(63,63,'Pepsi',5,'2020-08-30','product satisfy my needs'),
(64,64,'Pepsi',5,'2020-08-30','product satisfy my needs'),
(65,65,'Pepsi',5,'2020-08-30','product satisfy my needs'),
(66,66,'Pepsi',5,'2020-08-30','product satisfy my needs'),
(67,67,'Pepsi',5,'2020-08-30','product satisfy my needs'),
(68,68,'Pepsi',5,'2020-08-30','product satisfy my needs'),
(69,69,'Pepsi',5,'2020-08-30','product satisfy my needs'),
(70,70,'Pepsi',5,'2020-08-30','product satisfy my needs'),
(71,71,'Pepsi',5,'2020-08-30','product satisfy my needs'),
(72,72,'Pepsi',5,'2020-08-30','product satisfy my needs'),
(73,73,'Pepsi',5,'2020-08-30','product satisfy my needs'),
(74,74,'Pepsi',5,'2020-08-30','product satisfy my needs'),
(75,75,'Pepsi',5,'2020-08-30','product satisfy my needs'),
(76,76,'Pepsi',5,'2020-08-30','product satisfy my needs'),
(77,77,'Pepsi',5,'2020-08-30','product satisfy my needs'),
(78,78,'Pepsi',5,'2020-08-30','product satisfy my needs'),
(79,79,'Pepsi',5,'2020-08-30','product satisfy my needs'),
(80,80,'Pepsi',5,'2020-08-30','product satisfy my needs'),
(81,81,'Pepsi',5,'2020-08-30','product satisfy my needs'),
(82,82,'Pepsi',5,'2020-08-30','product satisfy my needs'),
(83,83,'Pepsi',5,'2020-08-30','product satisfy my needs'),
(84,84,'Pepsi',5,'2020-08-30','product satisfy my needs'),
(85,85,'Pepsi',5,'2020-08-30','product satisfy my needs'),
(86,86,'Pepsi',5,'2020-08-30','product satisfy my needs'),
(87,87,'Pepsi',5,'2020-08-30','product satisfy my needs'),
(88,88,'Pepsi',5,'2020-08-30','product satisfy my needs'),
(89,89,'Pepsi',5,'2020-08-30','product satisfy my needs'),
(90,90,'Pepsi',5,'2020-08-30','product satisfy my needs'),
(91,91,'Pepsi',5,'2020-08-30','product satisfy my needs'),
(92,92,'Pepsi',5,'2020-08-30','product satisfy my needs'),
(93,93,'Pepsi',5,'2020-08-30','product satisfy my needs'),
(94,94,'Pepsi',5,'2020-08-30','product satisfy my needs'),
(95,95,'Pepsi',5,'2020-08-30','product satisfy my needs'),
(96,96,'Pepsi',5,'2020-08-30','product satisfy my needs'),
(97,97,'Pepsi',5,'2020-08-30','product satisfy my needs'),
(98,98,'Pepsi',5,'2020-08-30','product satisfy my needs'),
(99,99,'Pepsi',5,'2020-08-30','product satisfy my needs'),
(100,100,'Pepsi',5,'2020-08-30','product satisfy my needs'),
(101,1,'Kit Kat',5,'2020-08-30','product satisfy my needs'),
(102,2,'Kit Kat',5,'2020-08-30','product satisfy my needs'),
(103,3,'Kit Kat',5,'2020-08-30','product satisfy my needs'),
(104,4,'Kit Kat',5,'2020-08-30','product satisfy my needs'),
(105,5,'Kit Kat',5,'2020-08-30','product satisfy my needs'),
(106,6,'Kit Kat',5,'2020-08-30','product satisfy my needs'),
(107,7,'Kit Kat',5,'2020-08-30','product satisfy my needs'),
(108,8,'Kit Kat',5,'2020-08-30','product satisfy my needs'),
(109,9,'Kit Kat',5,'2020-08-30','product satisfy my needs'),
(110,10,'Kit Kat',5,'2020-08-30','product satisfy my needs'),
(111,11,'Kit Kat',5,'2020-08-30','product satisfy my needs'),
(112,12,'Kit Kat',5,'2020-08-30','product satisfy my needs'),
(113,13,'Kit Kat',5,'2020-08-30','product satisfy my needs'),
(114,14,'Kit Kat',5,'2020-08-30','product satisfy my needs'),
(115,15,'Kit Kat',5,'2020-08-30','product satisfy my needs'),
(116,16,'Kit Kat',5,'2020-08-30','product satisfy my needs'),
(117,17,'Kit Kat',5,'2020-08-30','product satisfy my needs'),
(118,18,'Kit Kat',5,'2020-08-30','product satisfy my needs'),
(119,19,'Kit Kat',5,'2020-08-30','product satisfy my needs'),
(120,20,'Kit Kat',5,'2020-08-30','product satisfy my needs'),
(121,21,'Kit Kat',5,'2020-08-30','product satisfy my needs'),
(122,22,'Kit Kat',5,'2020-08-30','product satisfy my needs'),
(123,23,'Kit Kat',5,'2020-08-30','product satisfy my needs'),
(124,24,'Kit Kat',5,'2020-08-30','product satisfy my needs'),
(125,25,'Kit Kat',5,'2020-08-30','product satisfy my needs'),
(126,26,'Kit Kat',5,'2020-08-30','product satisfy my needs'),
(127,27,'Kit Kat',5,'2020-08-30','product satisfy my needs'),
(128,28,'Kit Kat',5,'2020-08-30','product satisfy my needs'),
(129,29,'Kit Kat',5,'2020-08-30','product satisfy my needs'),
(130,30,'Kit Kat',5,'2020-08-30','product satisfy my needs'),
(131,31,'Kit Kat',5,'2020-08-30','product satisfy my needs'),
(132,32,'Kit Kat',5,'2020-08-30','product satisfy my needs'),
(133,33,'Kit Kat',5,'2020-08-30','product satisfy my needs'),
(134,34,'Kit Kat',5,'2020-08-30','product satisfy my needs'),
(135,35,'Kit Kat',5,'2020-08-30','product satisfy my needs'),
(136,36,'Kit Kat',5,'2020-08-30','product satisfy my needs'),
(137,37,'Kit Kat',5,'2020-08-30','product satisfy my needs'),
(138,38,'Kit Kat',5,'2020-08-30','product satisfy my needs'),
(139,39,'Kit Kat',5,'2020-08-30','product satisfy my needs'),
(140,40,'Kit Kat',5,'2020-08-30','product satisfy my needs'),
(141,41,'Kit Kat',5,'2020-08-30','product satisfy my needs'),
(142,42,'Kit Kat',5,'2020-08-30','product satisfy my needs'),
(143,43,'Kit Kat',5,'2020-08-30','product satisfy my needs'),
(144,44,'Kit Kat',5,'2020-08-30','product satisfy my needs'),
(145,45,'Kit Kat',5,'2020-08-30','product satisfy my needs'),
(146,46,'Kit Kat',5,'2020-08-30','product satisfy my needs'),
(147,47,'Kit Kat',5,'2020-08-30','product satisfy my needs'),
(148,48,'Kit Kat',5,'2020-08-30','product satisfy my needs'),
(149,49,'Kit Kat',5,'2020-08-30','product satisfy my needs'),
(150,50,'Kit Kat',5,'2020-08-30','product satisfy my needs'),
(151,51,'Kit Kat',5,'2020-08-30','product satisfy my needs'),
(152,52,'Kit Kat',5,'2020-08-30','product satisfy my needs'),
(153,53,'Kit Kat',5,'2020-08-30','product satisfy my needs'),
(154,54,'Kit Kat',5,'2020-08-30','product satisfy my needs'),
(155,55,'Kit Kat',5,'2020-08-30','product satisfy my needs'),
(156,56,'Kit Kat',5,'2020-08-30','product satisfy my needs'),
(157,57,'Kit Kat',5,'2020-08-30','product satisfy my needs'),
(158,58,'Kit Kat',5,'2020-08-30','product satisfy my needs'),
(159,59,'Kit Kat',5,'2020-08-30','product satisfy my needs'),
(160,60,'Kit Kat',5,'2020-08-30','product satisfy my needs'),
(161,61,'Kit Kat',5,'2020-08-30','product satisfy my needs'),
(162,62,'Kit Kat',5,'2020-08-30','product satisfy my needs'),
(163,63,'Kit Kat',5,'2020-08-30','product satisfy my needs'),
(164,64,'Kit Kat',5,'2020-08-30','product satisfy my needs'),
(165,65,'Kit Kat',5,'2020-08-30','product satisfy my needs'),
(166,66,'Kit Kat',5,'2020-08-30','product satisfy my needs'),
(167,67,'Kit Kat',5,'2020-08-30','product satisfy my needs'),
(168,68,'Kit Kat',5,'2020-08-30','product satisfy my needs'),
(169,69,'Kit Kat',5,'2020-08-30','product satisfy my needs'),
(170,70,'Kit Kat',5,'2020-08-30','product satisfy my needs'),
(171,71,'Kit Kat',5,'2020-08-30','product satisfy my needs'),
(172,72,'Kit Kat',5,'2020-08-30','product satisfy my needs'),
(173,73,'Kit Kat',5,'2020-08-30','product satisfy my needs'),
(174,74,'Kit Kat',5,'2020-08-30','product satisfy my needs'),
(175,75,'Kit Kat',5,'2020-08-30','product satisfy my needs'),
(176,76,'Kit Kat',5,'2020-08-30','product satisfy my needs'),
(177,77,'Kit Kat',5,'2020-08-30','product satisfy my needs'),
(178,78,'Kit Kat',5,'2020-08-30','product satisfy my needs'),
(179,79,'Kit Kat',5,'2020-08-30','product satisfy my needs'),
(180,80,'Kit Kat',5,'2020-08-30','product satisfy my needs'),
(181,81,'Kit Kat',5,'2020-08-30','product satisfy my needs'),
(182,82,'Kit Kat',5,'2020-08-30','product satisfy my needs'),
(183,83,'Kit Kat',5,'2020-08-30','product satisfy my needs'),
(184,84,'Kit Kat',5,'2020-08-30','product satisfy my needs'),
(185,85,'Kit Kat',5,'2020-08-30','product satisfy my needs'),
(186,86,'Kit Kat',5,'2020-08-30','product satisfy my needs'),
(187,87,'Kit Kat',5,'2020-08-30','product satisfy my needs'),
(188,88,'Kit Kat',5,'2020-08-30','product satisfy my needs'),
(189,89,'Kit Kat',5,'2020-08-30','product satisfy my needs'),
(190,90,'Kit Kat',5,'2020-08-30','product satisfy my needs'),
(191,91,'Kit Kat',5,'2020-08-30','product satisfy my needs'),
(192,92,'Kit Kat',5,'2020-08-30','product satisfy my needs'),
(193,93,'Kit Kat',5,'2020-08-30','product satisfy my needs'),
(194,94,'Kit Kat',5,'2020-08-30','product satisfy my needs'),
(195,95,'Kit Kat',5,'2020-08-30','product satisfy my needs'),
(196,96,'Kit Kat',5,'2020-08-30','product satisfy my needs'),
(197,97,'Kit Kat',5,'2020-08-30','product satisfy my needs'),
(198,98,'Kit Kat',5,'2020-08-30','product satisfy my needs'),
(199,99,'Kit Kat',5,'2020-08-30','product satisfy my needs'),
(200,100,'Kit Kat',5,'2020-08-30','product satisfy my needs');

INSERT INTO Employees
VALUES
(1111,'Tom',3000),(1112,'Jerry',3300),(1113,'Maria',2800),(1114,'Steve',2800),
(1115,'Marco',2900);

INSERT INTO Complaints
VALUES
(1, 'product quality was unsatisfactory','addressed','2020-06-16','2020-06-18',65,1113),
(2, 'product quality was unsatisfactory','pending','2020-08-08',NULL,66,NULL),
(3, 'product quality was unsatisfactory','addressed','2020-07-15','2020-08-18',67,1112),
(4, 'product quality was unsatisfactory','being handled','2020-04-04','2020-06-18',68,1111),
(5, 'product quality was unsatisfactory','addressed','2020-08-28','2020-09-28',69,1114),
(6, 'employee was rude','being handled','2020-07-07','2020-07-08',70,1115),
(7, 'employee was rude','pending','2020-08-29',NULL,71,NULL),
(8, 'employee was rude','addressed','2020-04-03','2020-07-27',72,1111),
(9, 'employee was rude','addressed','2020-01-27','2020-03-16',73,1113),
(10, 'employee was rude','addressed','2020-02-23','2020-02-26',74,1114),
(11, 'employee was rude','addressed','2020-05-24','2020-05-29',65,1114),
(12, 'product quality was unsatisfactory','pending','2020-05-19',NULL,68,NULL);

INSERT INTO Complaints_on_Shop
VALUES
(6,'Big Box'),(7,'Big Box'),(8,'JCube'),(9,'Vivocity'),(10,'IMM');

INSERT INTO Complaints_on_Order
VALUES
(1,265),(2,266),(3,267),(4,268),(5,269);